2026-08-05 12:21:53 | INFO     | extract.csv_reader | Reading CSV file: sample_data\customers.csv
2026-08-05 12:21:53 | INFO     | extract.csv_reader | Loaded 550 rows and 34 columns.
2026-08-05 17:37:10 | INFO     | extract.csv_reader | Reading CSV file: sample_data\customers.csv
2026-08-05 17:37:10 | INFO     | extract.csv_reader | Loaded 550 rows and 34 columns.
2026-08-05 17:37:10 | INFO     | rules.loader | Loading validation rules...
2026-08-05 17:37:11 | WARNING  | rules.loader | Skipping EmailRule (module 'validation.rules.email' has no attribute 'EmailRule')
2026-08-05 17:37:11 | WARNING  | rules.loader | Skipping PhoneRule (module 'validation.rules.phone' has no attribute 'PhoneRule')
2026-08-05 17:37:11 | WARNING  | rules.loader | Skipping WebsiteRule (module 'validation.rules.website' has no attribute 'WebsiteRule')
2026-08-05 17:37:11 | WARNING  | rules.loader | Skipping ZipRule (module 'validation.rules.zip' has no attribute 'ZipRule')
2026-08-05 17:37:11 | WARNING  | rules.loader | Skipping NameRule (module 'validation.rules.name' has no attribute 'NameRule')
2026-08-05 17:37:11 | WARNING  | rules.loader | Skipping DateRule (module 'validation.rules.date' has no attribute 'DateRule')
2026-08-05 17:37:11 | WARNING  | rules.loader | Skipping DuplicateRule (module 'validation.rules.duplicate' has no attribute 'DuplicateRule')
2026-08-05 17:37:11 | WARNING  | rules.loader | Skipping SchemaRule (module 'validation.rules.schema' has no attribute 'SchemaRule')
2026-08-05 17:37:11 | WARNING  | rules.loader | Skipping InvariantRule (module 'validation.rules.invariant' has no attribute 'InvariantRule')
2026-08-05 17:37:11 | WARNING  | rules.loader | Skipping PIIRule (module 'validation.rules.pii' has no attribute 'PIIRule')
2026-08-05 17:37:11 | INFO     | rules.loader | Successfully loaded 0 rule(s).
2026-08-05 17:37:11 | INFO     | validation.validator | Running validation.
2026-08-05 17:37:11 | INFO     | validation.engine | Validation started.
2026-08-05 17:37:11 | INFO     | validation.policies | Validation started.
2026-08-05 17:37:11 | INFO     | rules.executor | Starting rule execution.
2026-08-05 17:37:11 | INFO     | rules.executor | Finished executing 0 rules.
2026-08-05 17:37:11 | INFO     | validation.policies | Validation finished.
2026-08-05 17:37:11 | INFO     | validation.engine | Validation finished.
2026-08-05 17:40:51 | INFO     | extract.csv_reader | Reading CSV file: sample_data\customers.csv
2026-08-05 17:40:51 | INFO     | extract.csv_reader | Loaded 550 rows and 34 columns.
2026-08-05 17:40:51 | INFO     | rules.loader | Loading validation rules...
2026-08-05 17:40:52 | INFO     | rules.loader | Loaded rule: EmailValidationRule
2026-08-05 17:40:52 | INFO     | rules.loader | Loaded rule: PhoneValidationRule
2026-08-05 17:40:52 | INFO     | rules.loader | Loaded rule: WebsiteValidationRule
2026-08-05 17:40:52 | INFO     | rules.loader | Loaded rule: ZipValidationRule
2026-08-05 17:40:52 | INFO     | rules.loader | Loaded rule: NameValidationRule
2026-08-05 17:40:52 | INFO     | rules.loader | Loaded rule: DateValidationRule
2026-08-05 17:40:52 | INFO     | rules.loader | Loaded rule: DuplicateValidationRule
2026-08-05 17:40:52 | INFO     | rules.loader | Loaded rule: SchemaValidationRule
2026-08-05 17:40:52 | INFO     | rules.loader | Loaded rule: InvariantValidationRule
2026-08-05 17:40:52 | INFO     | rules.loader | Loaded rule: PIIValidationRule
2026-08-05 17:40:52 | INFO     | rules.loader | Successfully loaded 10 rule(s).
2026-08-05 17:40:52 | INFO     | validation.validator | Running validation.
2026-08-05 17:40:52 | INFO     | validation.engine | Validation started.
2026-08-05 17:40:52 | INFO     | validation.policies | Validation started.
2026-08-05 17:40:52 | INFO     | rules.executor | Starting rule execution.
2026-08-05 17:40:52 | INFO     | rules.base | Running rule: date_validation (2.0.0)
2026-08-05 17:40:52 | INFO     | rules.base | Finished rule: date_validation (0.000 sec)
2026-08-05 17:40:52 | INFO     | rules.base | Running rule: duplicate_validation (2.0.0)
2026-08-05 17:40:52 | INFO     | rules.base | Finished rule: duplicate_validation (0.007 sec)
2026-08-05 17:40:52 | INFO     | rules.base | Running rule: email_validation (2.0.0)
2026-08-05 17:40:52 | INFO     | rules.base | Finished rule: email_validation (0.001 sec)
2026-08-05 17:40:52 | INFO     | rules.base | Running rule: invariant_validation (2.0.0)
2026-08-05 17:40:52 | INFO     | rules.base | Finished rule: invariant_validation (0.000 sec)
2026-08-05 17:40:52 | INFO     | rules.base | Running rule: name_validation (2.0.0)
2026-08-05 17:40:52 | ERROR    | rules.executor | Rule 'name_validation' failed.
Traceback (most recent call last):
  File "C:\Users\LENOVO Pro\Desktop\data_quality_platform\rules\executor.py", line 117, in execute
    result = rule.execute(
        context
    )
  File "C:\Users\LENOVO Pro\Desktop\data_quality_platform\rules\base.py", line 137, in execute
    result = self.apply(
        context
    )
  File "C:\Users\LENOVO Pro\Desktop\data_quality_platform\validation\rules\name.py", line 105, in apply
    result.add_failure(
    ^^^^^^^^^^^^^^^^^^
AttributeError: 'RuleResult' object has no attribute 'add_failure'
2026-08-05 17:40:52 | INFO     | rules.base | Running rule: phone_validation (2.0.0)
2026-08-05 17:40:52 | INFO     | rules.base | Finished rule: phone_validation (0.000 sec)
2026-08-05 17:40:52 | INFO     | rules.base | Running rule: pii_validation (2.0.0)
2026-08-05 17:40:52 | ERROR    | rules.executor | Rule 'pii_validation' failed.
Traceback (most recent call last):
  File "C:\Users\LENOVO Pro\Desktop\data_quality_platform\rules\executor.py", line 117, in execute
    result = rule.execute(
        context
    )
  File "C:\Users\LENOVO Pro\Desktop\data_quality_platform\rules\base.py", line 137, in execute
    result = self.apply(
        context
    )
  File "C:\Users\LENOVO Pro\Desktop\data_quality_platform\validation\rules\pii.py", line 68, in apply
    result.add_failure(
    ^^^^^^^^^^^^^^^^^^
AttributeError: 'RuleResult' object has no attribute 'add_failure'
2026-08-05 17:40:52 | INFO     | rules.base | Running rule: schema_validation (2.0.0)
2026-08-05 17:40:52 | INFO     | rules.base | Finished rule: schema_validation (0.000 sec)
2026-08-05 17:40:52 | INFO     | rules.base | Running rule: website_validation (2.0.0)
2026-08-05 17:40:52 | INFO     | rules.base | Finished rule: website_validation (0.000 sec)
2026-08-05 17:40:52 | INFO     | rules.base | Running rule: zip_validation (2.0.0)
2026-08-05 17:40:52 | INFO     | rules.base | Finished rule: zip_validation (0.002 sec)
2026-08-05 17:40:52 | INFO     | rules.executor | Finished executing 10 rules.
2026-08-05 17:40:52 | INFO     | validation.policies | Validation finished.
2026-08-05 17:40:52 | INFO     | validation.engine | Validation finished.
2026-08-05 17:43:33 | INFO     | extract.csv_reader | Reading CSV file: sample_data\customers.csv
2026-08-05 17:43:33 | INFO     | extract.csv_reader | Loaded 550 rows and 34 columns.
2026-08-05 17:43:34 | INFO     | rules.loader | Loading validation rules...
2026-08-05 17:43:34 | INFO     | rules.loader | Loaded rule: EmailValidationRule
2026-08-05 17:43:34 | INFO     | rules.loader | Loaded rule: PhoneValidationRule
2026-08-05 17:43:34 | INFO     | rules.loader | Loaded rule: WebsiteValidationRule
2026-08-05 17:43:34 | INFO     | rules.loader | Loaded rule: ZipValidationRule
2026-08-05 17:43:34 | INFO     | rules.loader | Loaded rule: NameValidationRule
2026-08-05 17:43:34 | INFO     | rules.loader | Loaded rule: DateValidationRule
2026-08-05 17:43:34 | INFO     | rules.loader | Loaded rule: DuplicateValidationRule
2026-08-05 17:43:34 | INFO     | rules.loader | Loaded rule: SchemaValidationRule
2026-08-05 17:43:34 | INFO     | rules.loader | Loaded rule: InvariantValidationRule
2026-08-05 17:43:34 | INFO     | rules.loader | Loaded rule: PIIValidationRule
2026-08-05 17:43:34 | INFO     | rules.loader | Successfully loaded 10 rule(s).
2026-08-05 17:43:34 | INFO     | validation.validator | Running validation.
2026-08-05 17:43:34 | INFO     | validation.engine | Validation started.
2026-08-05 17:43:34 | INFO     | validation.policies | Validation started.
2026-08-05 17:43:34 | INFO     | rules.executor | Starting rule execution.
2026-08-05 17:43:34 | INFO     | rules.base | Running rule: date_validation (2.0.0)
2026-08-05 17:43:34 | INFO     | rules.base | Finished rule: date_validation (0.000 sec)
2026-08-05 17:43:34 | INFO     | rules.base | Running rule: duplicate_validation (2.0.0)
2026-08-05 17:43:34 | INFO     | rules.base | Finished rule: duplicate_validation (0.007 sec)
2026-08-05 17:43:34 | INFO     | rules.base | Running rule: email_validation (2.0.0)
2026-08-05 17:43:34 | INFO     | rules.base | Finished rule: email_validation (0.000 sec)
2026-08-05 17:43:34 | INFO     | rules.base | Running rule: invariant_validation (2.0.0)
2026-08-05 17:43:34 | INFO     | rules.base | Finished rule: invariant_validation (0.000 sec)
2026-08-05 17:43:34 | INFO     | rules.base | Running rule: name_validation (2.0.0)
2026-08-05 17:43:34 | INFO     | rules.base | Finished rule: name_validation (0.085 sec)
2026-08-05 17:43:34 | INFO     | rules.base | Running rule: phone_validation (2.0.0)
2026-08-05 17:43:34 | INFO     | rules.base | Finished rule: phone_validation (0.000 sec)
2026-08-05 17:43:34 | INFO     | rules.base | Running rule: pii_validation (2.0.0)
2026-08-05 17:43:34 | INFO     | rules.base | Finished rule: pii_validation (0.058 sec)
2026-08-05 17:43:34 | INFO     | rules.base | Running rule: schema_validation (2.0.0)
2026-08-05 17:43:34 | INFO     | rules.base | Finished rule: schema_validation (0.000 sec)
2026-08-05 17:43:34 | INFO     | rules.base | Running rule: website_validation (2.0.0)
2026-08-05 17:43:34 | INFO     | rules.base | Finished rule: website_validation (0.000 sec)
2026-08-05 17:43:34 | INFO     | rules.base | Running rule: zip_validation (2.0.0)
2026-08-05 17:43:34 | INFO     | rules.base | Finished rule: zip_validation (0.001 sec)
2026-08-05 17:43:34 | INFO     | rules.executor | Finished executing 10 rules.
2026-08-05 17:43:34 | INFO     | validation.policies | Validation finished.
2026-08-05 17:43:34 | INFO     | validation.engine | Validation finished.
2026-08-05 17:47:02 | INFO     | extract.csv_reader | Reading CSV file: sample_data\customers.csv
2026-08-05 17:47:02 | INFO     | extract.csv_reader | Loaded 550 rows and 34 columns.
2026-08-05 17:47:02 | INFO     | rules.loader | Loading validation rules...
2026-08-05 17:47:02 | INFO     | rules.loader | Loaded rule: EmailValidationRule
2026-08-05 17:47:02 | INFO     | rules.loader | Loaded rule: PhoneValidationRule
2026-08-05 17:47:02 | INFO     | rules.loader | Loaded rule: WebsiteValidationRule
2026-08-05 17:47:02 | INFO     | rules.loader | Loaded rule: ZipValidationRule
2026-08-05 17:47:02 | INFO     | rules.loader | Loaded rule: NameValidationRule
2026-08-05 17:47:02 | INFO     | rules.loader | Loaded rule: DateValidationRule
2026-08-05 17:47:02 | INFO     | rules.loader | Loaded rule: DuplicateValidationRule
2026-08-05 17:47:02 | INFO     | rules.loader | Loaded rule: SchemaValidationRule
2026-08-05 17:47:02 | INFO     | rules.loader | Loaded rule: InvariantValidationRule
2026-08-05 17:47:02 | INFO     | rules.loader | Loaded rule: PIIValidationRule
2026-08-05 17:47:02 | INFO     | rules.loader | Successfully loaded 10 rule(s).
2026-08-05 17:47:02 | INFO     | validation.validator | Running validation.
2026-08-05 17:47:02 | INFO     | validation.engine | Validation started.
2026-08-05 17:47:02 | INFO     | validation.policies | Validation started.
2026-08-05 17:47:02 | INFO     | rules.executor | Starting rule execution.
2026-08-05 17:47:02 | INFO     | rules.base | Running rule: date_validation (2.0.0)
2026-08-05 17:47:02 | INFO     | rules.base | Finished rule: date_validation (0.000 sec)
2026-08-05 17:47:02 | INFO     | rules.base | Running rule: duplicate_validation (2.0.0)
2026-08-05 17:47:02 | INFO     | rules.base | Finished rule: duplicate_validation (0.009 sec)
2026-08-05 17:47:02 | INFO     | rules.base | Running rule: email_validation (2.0.0)
2026-08-05 17:47:02 | INFO     | rules.base | Finished rule: email_validation (0.000 sec)
2026-08-05 17:47:02 | INFO     | rules.base | Running rule: invariant_validation (2.0.0)
2026-08-05 17:47:02 | INFO     | rules.base | Finished rule: invariant_validation (0.000 sec)
2026-08-05 17:47:02 | INFO     | rules.base | Running rule: name_validation (2.0.0)
2026-08-05 17:47:02 | INFO     | rules.base | Finished rule: name_validation (0.012 sec)
2026-08-05 17:47:02 | INFO     | rules.base | Running rule: phone_validation (2.0.0)
2026-08-05 17:47:02 | INFO     | rules.base | Finished rule: phone_validation (0.000 sec)
2026-08-05 17:47:02 | INFO     | rules.base | Running rule: pii_validation (2.0.0)
2026-08-05 17:47:02 | INFO     | rules.base | Finished rule: pii_validation (0.057 sec)
2026-08-05 17:47:02 | INFO     | rules.base | Running rule: schema_validation (2.0.0)
2026-08-05 17:47:02 | INFO     | rules.base | Finished rule: schema_validation (0.000 sec)
2026-08-05 17:47:02 | INFO     | rules.base | Running rule: website_validation (2.0.0)
2026-08-05 17:47:02 | INFO     | rules.base | Finished rule: website_validation (0.000 sec)
2026-08-05 17:47:02 | INFO     | rules.base | Running rule: zip_validation (2.0.0)
2026-08-05 17:47:02 | INFO     | rules.base | Finished rule: zip_validation (0.002 sec)
2026-08-05 17:47:02 | INFO     | rules.executor | Finished executing 10 rules.
2026-08-05 17:47:02 | INFO     | validation.policies | Validation finished.
2026-08-05 17:47:02 | INFO     | validation.engine | Validation finished.
2026-08-06 10:59:41 | INFO     | extract.csv_reader | Reading CSV file: sample_data\customers.csv
2026-08-06 10:59:41 | INFO     | extract.csv_reader | Loaded 550 rows and 34 columns.
2026-08-06 10:59:42 | INFO     | rules.loader | Loading validation rules...
2026-08-06 10:59:42 | INFO     | rules.loader | Loaded rule: EmailValidationRule
2026-08-06 10:59:42 | INFO     | rules.loader | Loaded rule: PhoneValidationRule
2026-08-06 10:59:42 | INFO     | rules.loader | Loaded rule: WebsiteValidationRule
2026-08-06 10:59:42 | INFO     | rules.loader | Loaded rule: ZipValidationRule
2026-08-06 10:59:42 | INFO     | rules.loader | Loaded rule: NameValidationRule
2026-08-06 10:59:42 | INFO     | rules.loader | Loaded rule: DateValidationRule
2026-08-06 10:59:42 | INFO     | rules.loader | Loaded rule: DuplicateValidationRule
2026-08-06 10:59:42 | INFO     | rules.loader | Loaded rule: SchemaValidationRule
2026-08-06 10:59:42 | INFO     | rules.loader | Loaded rule: InvariantValidationRule
2026-08-06 10:59:42 | INFO     | rules.loader | Loaded rule: PIIValidationRule
2026-08-06 10:59:42 | INFO     | rules.loader | Successfully loaded 10 rule(s).
2026-08-06 10:59:42 | INFO     | validation.validator | Running validation.
2026-08-06 10:59:42 | INFO     | validation.engine | Validation started.
2026-08-06 10:59:42 | INFO     | validation.policies | Validation started.
2026-08-06 10:59:42 | INFO     | rules.executor | Starting rule execution.
2026-08-06 10:59:42 | INFO     | rules.base | Running rule: date_validation (2.0.0)
2026-08-06 10:59:42 | INFO     | rules.base | Finished rule: date_validation (0.000 sec)
2026-08-06 10:59:42 | INFO     | rules.base | Running rule: duplicate_validation (2.0.0)
2026-08-06 10:59:42 | INFO     | rules.base | Finished rule: duplicate_validation (0.011 sec)
2026-08-06 10:59:42 | INFO     | rules.base | Running rule: email_validation (2.0.0)
2026-08-06 10:59:42 | INFO     | rules.base | Finished rule: email_validation (0.000 sec)
2026-08-06 10:59:42 | INFO     | rules.base | Running rule: invariant_validation (2.0.0)
2026-08-06 10:59:42 | INFO     | rules.base | Finished rule: invariant_validation (0.000 sec)
2026-08-06 10:59:42 | INFO     | rules.base | Running rule: name_validation (2.0.0)
2026-08-06 10:59:42 | INFO     | rules.base | Finished rule: name_validation (0.005 sec)
2026-08-06 10:59:42 | INFO     | rules.base | Running rule: phone_validation (2.0.0)
2026-08-06 10:59:42 | INFO     | rules.base | Finished rule: phone_validation (0.000 sec)
2026-08-06 10:59:42 | INFO     | rules.base | Running rule: pii_validation (2.0.0)
2026-08-06 10:59:42 | INFO     | rules.base | Finished rule: pii_validation (0.047 sec)
2026-08-06 10:59:42 | INFO     | rules.base | Running rule: schema_validation (2.0.0)
2026-08-06 10:59:42 | INFO     | rules.base | Finished rule: schema_validation (0.000 sec)
2026-08-06 10:59:42 | INFO     | rules.base | Running rule: website_validation (2.0.0)
2026-08-06 10:59:42 | INFO     | rules.base | Finished rule: website_validation (0.000 sec)
2026-08-06 10:59:42 | INFO     | rules.base | Running rule: zip_validation (2.0.0)
2026-08-06 10:59:42 | INFO     | rules.base | Finished rule: zip_validation (0.001 sec)
2026-08-06 10:59:42 | INFO     | rules.executor | Finished executing 10 rules.
2026-08-06 10:59:42 | INFO     | validation.policies | Validation finished.
2026-08-06 10:59:42 | INFO     | validation.engine | Validation finished.
2026-08-06 11:23:51 | INFO     | extract.csv_reader | Reading CSV file: sample_data\customers.csv
2026-08-06 11:23:51 | INFO     | extract.csv_reader | Loaded 100 rows and 8 columns.
2026-08-06 11:23:51 | INFO     | rules.loader | Loading validation rules...
2026-08-06 11:23:51 | INFO     | rules.loader | Loaded rule: EmailValidationRule
2026-08-06 11:23:51 | INFO     | rules.loader | Loaded rule: PhoneValidationRule
2026-08-06 11:23:51 | INFO     | rules.loader | Loaded rule: WebsiteValidationRule
2026-08-06 11:23:51 | INFO     | rules.loader | Loaded rule: ZipValidationRule
2026-08-06 11:23:51 | INFO     | rules.loader | Loaded rule: NameValidationRule
2026-08-06 11:23:51 | INFO     | rules.loader | Loaded rule: DateValidationRule
2026-08-06 11:23:51 | INFO     | rules.loader | Loaded rule: DuplicateValidationRule
2026-08-06 11:23:51 | INFO     | rules.loader | Loaded rule: SchemaValidationRule
2026-08-06 11:23:51 | INFO     | rules.loader | Loaded rule: InvariantValidationRule
2026-08-06 11:23:51 | INFO     | rules.loader | Loaded rule: PIIValidationRule
2026-08-06 11:23:51 | INFO     | rules.loader | Successfully loaded 10 rule(s).
2026-08-06 11:23:51 | INFO     | validation.validator | Running validation.
2026-08-06 11:23:51 | INFO     | validation.engine | Validation started.
2026-08-06 11:23:51 | INFO     | validation.policies | Validation started.
2026-08-06 11:23:51 | INFO     | rules.executor | Starting rule execution.
2026-08-06 11:23:51 | INFO     | rules.base | Running rule: date_validation (2.0.0)
2026-08-06 11:23:51 | INFO     | rules.base | Finished rule: date_validation (0.019 sec)
2026-08-06 11:23:51 | INFO     | rules.base | Running rule: duplicate_validation (2.0.0)
2026-08-06 11:23:51 | INFO     | rules.base | Finished rule: duplicate_validation (0.002 sec)
2026-08-06 11:23:51 | INFO     | rules.base | Running rule: email_validation (2.0.0)
2026-08-06 11:23:51 | INFO     | rules.base | Finished rule: email_validation (0.000 sec)
2026-08-06 11:23:51 | INFO     | rules.base | Running rule: invariant_validation (2.0.0)
2026-08-06 11:23:51 | INFO     | rules.base | Finished rule: invariant_validation (0.001 sec)
2026-08-06 11:23:51 | INFO     | rules.base | Running rule: name_validation (2.0.0)
2026-08-06 11:23:51 | INFO     | rules.base | Finished rule: name_validation (0.000 sec)
2026-08-06 11:23:51 | INFO     | rules.base | Running rule: phone_validation (2.0.0)
2026-08-06 11:23:51 | INFO     | rules.base | Finished rule: phone_validation (0.000 sec)
2026-08-06 11:23:51 | INFO     | rules.base | Running rule: pii_validation (2.0.0)
2026-08-06 11:23:51 | INFO     | rules.base | Finished rule: pii_validation (0.002 sec)
2026-08-06 11:23:51 | INFO     | rules.base | Running rule: schema_validation (2.0.0)
2026-08-06 11:23:51 | INFO     | rules.base | Finished rule: schema_validation (0.000 sec)
2026-08-06 11:23:51 | INFO     | rules.base | Running rule: website_validation (2.0.0)
2026-08-06 11:23:51 | INFO     | rules.base | Finished rule: website_validation (0.003 sec)
2026-08-06 11:23:51 | INFO     | rules.base | Running rule: zip_validation (2.0.0)
2026-08-06 11:23:51 | INFO     | rules.base | Finished rule: zip_validation (0.000 sec)
2026-08-06 11:23:51 | INFO     | rules.executor | Finished executing 10 rules.
2026-08-06 11:23:51 | INFO     | validation.policies | Validation finished.
2026-08-06 11:23:51 | INFO     | validation.engine | Validation finished.
2026-08-06 12:46:22 | INFO     | extract.csv_reader | Reading CSV file: sample_data\customers.csv
2026-08-06 12:46:22 | INFO     | extract.csv_reader | Loaded 100 rows and 8 columns.
2026-08-06 12:46:22 | INFO     | rules.loader | Loading validation rules...
2026-08-06 12:46:22 | INFO     | rules.loader | Loaded rule: EmailValidationRule
2026-08-06 12:46:22 | INFO     | rules.loader | Loaded rule: PhoneValidationRule
2026-08-06 12:46:22 | INFO     | rules.loader | Loaded rule: WebsiteValidationRule
2026-08-06 12:46:22 | INFO     | rules.loader | Loaded rule: ZipValidationRule
2026-08-06 12:46:22 | INFO     | rules.loader | Loaded rule: NameValidationRule
2026-08-06 12:46:22 | INFO     | rules.loader | Loaded rule: DateValidationRule
2026-08-06 12:46:22 | INFO     | rules.loader | Loaded rule: DuplicateValidationRule
2026-08-06 12:46:22 | INFO     | rules.loader | Loaded rule: SchemaValidationRule
2026-08-06 12:46:22 | INFO     | rules.loader | Loaded rule: InvariantValidationRule
2026-08-06 12:46:22 | INFO     | rules.loader | Loaded rule: PIIValidationRule
2026-08-06 12:46:22 | INFO     | rules.loader | Successfully loaded 10 rule(s).
2026-08-06 12:46:22 | INFO     | validation.validator | Running validation.
2026-08-06 12:46:22 | INFO     | validation.engine | Validation started.
2026-08-06 12:46:22 | INFO     | validation.policies | Validation started.
2026-08-06 12:46:22 | INFO     | rules.executor | Starting rule execution.
2026-08-06 12:46:22 | INFO     | rules.base | Running rule: date_validation (2.0.0)
2026-08-06 12:46:22 | INFO     | rules.base | Finished rule: date_validation (0.020 sec)
2026-08-06 12:46:22 | INFO     | rules.base | Running rule: duplicate_validation (2.0.0)
2026-08-06 12:46:22 | INFO     | rules.base | Finished rule: duplicate_validation (0.002 sec)
2026-08-06 12:46:22 | INFO     | rules.base | Running rule: email_validation (2.0.0)
2026-08-06 12:46:22 | INFO     | rules.base | Finished rule: email_validation (0.000 sec)
2026-08-06 12:46:22 | INFO     | rules.base | Running rule: invariant_validation (2.0.0)
2026-08-06 12:46:22 | INFO     | rules.base | Finished rule: invariant_validation (0.001 sec)
2026-08-06 12:46:22 | INFO     | rules.base | Running rule: name_validation (2.0.0)
2026-08-06 12:46:22 | INFO     | rules.base | Finished rule: name_validation (0.000 sec)
2026-08-06 12:46:22 | INFO     | rules.base | Running rule: phone_validation (2.0.0)
2026-08-06 12:46:22 | INFO     | rules.base | Finished rule: phone_validation (0.000 sec)
2026-08-06 12:46:22 | INFO     | rules.base | Running rule: pii_validation (2.0.0)
2026-08-06 12:46:22 | INFO     | rules.base | Finished rule: pii_validation (0.003 sec)
2026-08-06 12:46:22 | INFO     | rules.base | Running rule: schema_validation (2.0.0)
2026-08-06 12:46:22 | INFO     | rules.base | Finished rule: schema_validation (0.000 sec)
2026-08-06 12:46:22 | INFO     | rules.base | Running rule: website_validation (2.0.0)
2026-08-06 12:46:22 | INFO     | rules.base | Finished rule: website_validation (0.002 sec)
2026-08-06 12:46:22 | INFO     | rules.base | Running rule: zip_validation (2.0.0)
2026-08-06 12:46:22 | INFO     | rules.base | Finished rule: zip_validation (0.000 sec)
2026-08-06 12:46:22 | INFO     | rules.executor | Finished executing 10 rules.
2026-08-06 12:46:22 | INFO     | validation.policies | Validation finished.
2026-08-06 12:46:22 | INFO     | validation.engine | Validation finished.
2026-08-06 12:53:15 | INFO     | extract.csv_reader | Reading CSV file: sample_data\customers.csv
2026-08-06 12:53:15 | INFO     | extract.csv_reader | Loaded 100 rows and 8 columns.
2026-08-06 12:53:15 | INFO     | rules.loader | Loading validation rules...
2026-08-06 12:53:15 | INFO     | rules.loader | Loaded rule: EmailValidationRule
2026-08-06 12:53:15 | INFO     | rules.loader | Loaded rule: PhoneValidationRule
2026-08-06 12:53:15 | INFO     | rules.loader | Loaded rule: WebsiteValidationRule
2026-08-06 12:53:15 | INFO     | rules.loader | Loaded rule: ZipValidationRule
2026-08-06 12:53:15 | INFO     | rules.loader | Loaded rule: NameValidationRule
2026-08-06 12:53:15 | INFO     | rules.loader | Loaded rule: DateValidationRule
2026-08-06 12:53:15 | INFO     | rules.loader | Loaded rule: DuplicateValidationRule
2026-08-06 12:53:15 | INFO     | rules.loader | Loaded rule: SchemaValidationRule
2026-08-06 12:53:15 | INFO     | rules.loader | Loaded rule: InvariantValidationRule
2026-08-06 12:53:15 | INFO     | rules.loader | Loaded rule: PIIValidationRule
2026-08-06 12:53:15 | INFO     | rules.loader | Successfully loaded 10 rule(s).
2026-08-06 12:53:15 | INFO     | validation.validator | Running validation.
2026-08-06 12:53:15 | INFO     | validation.engine | Validation started.
2026-08-06 12:53:15 | INFO     | validation.policies | Validation started.
2026-08-06 12:53:15 | INFO     | rules.executor | Starting rule execution.
2026-08-06 12:53:15 | INFO     | rules.base | Running rule: date_validation (2.0.0)
2026-08-06 12:53:15 | INFO     | rules.base | Finished rule: date_validation (0.008 sec)
2026-08-06 12:53:15 | INFO     | rules.base | Running rule: duplicate_validation (2.0.0)
2026-08-06 12:53:15 | INFO     | rules.base | Finished rule: duplicate_validation (0.002 sec)
2026-08-06 12:53:15 | INFO     | rules.base | Running rule: email_validation (2.0.0)
2026-08-06 12:53:15 | INFO     | rules.base | Finished rule: email_validation (0.000 sec)
2026-08-06 12:53:15 | INFO     | rules.base | Running rule: invariant_validation (2.0.0)
2026-08-06 12:53:15 | INFO     | rules.base | Finished rule: invariant_validation (0.000 sec)
2026-08-06 12:53:15 | INFO     | rules.base | Running rule: name_validation (2.0.0)
2026-08-06 12:53:15 | INFO     | rules.base | Finished rule: name_validation (0.000 sec)
2026-08-06 12:53:15 | INFO     | rules.base | Running rule: phone_validation (2.0.0)
2026-08-06 12:53:15 | INFO     | rules.base | Finished rule: phone_validation (0.000 sec)
2026-08-06 12:53:15 | INFO     | rules.base | Running rule: pii_validation (2.0.0)
2026-08-06 12:53:15 | INFO     | rules.base | Finished rule: pii_validation (0.002 sec)
2026-08-06 12:53:15 | INFO     | rules.base | Running rule: schema_validation (2.0.0)
2026-08-06 12:53:15 | INFO     | rules.base | Finished rule: schema_validation (0.000 sec)
2026-08-06 12:53:15 | INFO     | rules.base | Running rule: website_validation (2.0.0)
2026-08-06 12:53:15 | INFO     | rules.base | Finished rule: website_validation (0.002 sec)
2026-08-06 12:53:15 | INFO     | rules.base | Running rule: zip_validation (2.0.0)
2026-08-06 12:53:15 | INFO     | rules.base | Finished rule: zip_validation (0.000 sec)
2026-08-06 12:53:15 | INFO     | rules.executor | Finished executing 10 rules.
2026-08-06 12:53:15 | INFO     | validation.policies | Validation finished.
2026-08-06 12:53:15 | INFO     | validation.engine | Validation finished.
2026-08-06 13:03:59 | INFO     | extract.csv_reader | Reading CSV file: sample_data\customers.csv
2026-08-06 13:03:59 | INFO     | extract.csv_reader | Loaded 100 rows and 8 columns.
2026-08-06 13:03:59 | INFO     | rules.loader | Loading validation rules...
2026-08-06 13:03:59 | INFO     | rules.loader | Loaded rule: EmailValidationRule
2026-08-06 13:03:59 | INFO     | rules.loader | Loaded rule: PhoneValidationRule
2026-08-06 13:03:59 | INFO     | rules.loader | Loaded rule: WebsiteValidationRule
2026-08-06 13:03:59 | INFO     | rules.loader | Loaded rule: ZipValidationRule
2026-08-06 13:03:59 | INFO     | rules.loader | Loaded rule: NameValidationRule
2026-08-06 13:03:59 | INFO     | rules.loader | Loaded rule: DateValidationRule
2026-08-06 13:03:59 | INFO     | rules.loader | Loaded rule: DuplicateValidationRule
2026-08-06 13:03:59 | INFO     | rules.loader | Loaded rule: SchemaValidationRule
2026-08-06 13:03:59 | INFO     | rules.loader | Loaded rule: InvariantValidationRule
2026-08-06 13:03:59 | INFO     | rules.loader | Loaded rule: PIIValidationRule
2026-08-06 13:03:59 | INFO     | rules.loader | Successfully loaded 10 rule(s).
2026-08-06 13:03:59 | INFO     | validation.validator | Running validation.
2026-08-06 13:03:59 | INFO     | validation.engine | Validation started.
2026-08-06 13:03:59 | INFO     | validation.policies | Validation started.
2026-08-06 13:03:59 | INFO     | rules.executor | Starting rule execution.
2026-08-06 13:03:59 | INFO     | rules.base | Running rule: date_validation (2.0.0)
2026-08-06 13:04:00 | INFO     | rules.base | Finished rule: date_validation (0.025 sec)
2026-08-06 13:04:00 | INFO     | rules.base | Running rule: duplicate_validation (2.0.0)
2026-08-06 13:04:00 | INFO     | rules.base | Finished rule: duplicate_validation (0.002 sec)
2026-08-06 13:04:00 | INFO     | rules.base | Running rule: email_validation (2.0.0)
2026-08-06 13:04:00 | INFO     | rules.base | Finished rule: email_validation (0.001 sec)
2026-08-06 13:04:00 | INFO     | rules.base | Running rule: invariant_validation (2.0.0)
2026-08-06 13:04:00 | INFO     | rules.base | Finished rule: invariant_validation (0.001 sec)
2026-08-06 13:04:00 | INFO     | rules.base | Running rule: name_validation (2.0.0)
2026-08-06 13:04:00 | INFO     | rules.base | Finished rule: name_validation (0.001 sec)
2026-08-06 13:04:00 | INFO     | rules.base | Running rule: phone_validation (2.0.0)
2026-08-06 13:04:00 | INFO     | rules.base | Finished rule: phone_validation (0.000 sec)
2026-08-06 13:04:00 | INFO     | rules.base | Running rule: pii_validation (2.0.0)
2026-08-06 13:04:00 | INFO     | rules.base | Finished rule: pii_validation (0.002 sec)
2026-08-06 13:04:00 | INFO     | rules.base | Running rule: schema_validation (2.0.0)
2026-08-06 13:04:00 | INFO     | rules.base | Finished rule: schema_validation (0.000 sec)
2026-08-06 13:04:00 | INFO     | rules.base | Running rule: website_validation (2.0.0)
2026-08-06 13:04:00 | INFO     | rules.base | Finished rule: website_validation (0.002 sec)
2026-08-06 13:04:00 | INFO     | rules.base | Running rule: zip_validation (2.0.0)
2026-08-06 13:04:00 | INFO     | rules.base | Finished rule: zip_validation (0.000 sec)
2026-08-06 13:04:00 | INFO     | rules.executor | Finished executing 10 rules.
2026-08-06 13:04:00 | INFO     | validation.policies | Validation finished.
2026-08-06 13:04:00 | INFO     | validation.engine | Validation finished.
2026-08-06 17:55:54 | INFO     | extract.csv_reader | Reading CSV file: sample_data\customers.csv
2026-08-06 17:55:54 | INFO     | extract.csv_reader | Loaded 100 rows and 8 columns.
2026-08-06 17:55:54 | INFO     | rules.loader | Loading validation rules...
2026-08-06 17:55:54 | INFO     | rules.loader | Loaded rule: EmailValidationRule
2026-08-06 17:55:54 | INFO     | rules.loader | Loaded rule: PhoneValidationRule
2026-08-06 17:55:54 | INFO     | rules.loader | Loaded rule: WebsiteValidationRule
2026-08-06 17:55:54 | INFO     | rules.loader | Loaded rule: ZipValidationRule
2026-08-06 17:55:54 | INFO     | rules.loader | Loaded rule: NameValidationRule
2026-08-06 17:55:54 | INFO     | rules.loader | Loaded rule: DateValidationRule
2026-08-06 17:55:54 | INFO     | rules.loader | Loaded rule: DuplicateValidationRule
2026-08-06 17:55:54 | INFO     | rules.loader | Loaded rule: SchemaValidationRule
2026-08-06 17:55:54 | INFO     | rules.loader | Loaded rule: InvariantValidationRule
2026-08-06 17:55:54 | INFO     | rules.loader | Loaded rule: PIIValidationRule
2026-08-06 17:55:54 | INFO     | rules.loader | Successfully loaded 10 rule(s).
2026-08-06 17:55:54 | INFO     | validation.validator | Running validation.
2026-08-06 17:55:54 | INFO     | validation.engine | Validation started.
2026-08-06 17:55:54 | INFO     | validation.policies | Validation started.
2026-08-06 17:55:54 | INFO     | rules.executor | Starting rule execution.
2026-08-06 17:55:54 | INFO     | rules.base | Running rule: date_validation (2.0.0)
2026-08-06 17:55:55 | INFO     | rules.base | Finished rule: date_validation (0.019 sec)
2026-08-06 17:55:55 | INFO     | rules.base | Running rule: duplicate_validation (2.0.0)
2026-08-06 17:55:55 | INFO     | rules.base | Finished rule: duplicate_validation (0.002 sec)
2026-08-06 17:55:55 | INFO     | rules.base | Running rule: email_validation (2.0.0)
2026-08-06 17:55:55 | INFO     | rules.base | Finished rule: email_validation (0.000 sec)
2026-08-06 17:55:55 | INFO     | rules.base | Running rule: invariant_validation (2.0.0)
2026-08-06 17:55:55 | INFO     | rules.base | Finished rule: invariant_validation (0.001 sec)
2026-08-06 17:55:55 | INFO     | rules.base | Running rule: name_validation (2.0.0)
2026-08-06 17:55:55 | INFO     | rules.base | Finished rule: name_validation (0.000 sec)
2026-08-06 17:55:55 | INFO     | rules.base | Running rule: phone_validation (2.0.0)
2026-08-06 17:55:55 | INFO     | rules.base | Finished rule: phone_validation (0.000 sec)
2026-08-06 17:55:55 | INFO     | rules.base | Running rule: pii_validation (2.0.0)
2026-08-06 17:55:55 | INFO     | rules.base | Finished rule: pii_validation (0.004 sec)
2026-08-06 17:55:55 | INFO     | rules.base | Running rule: schema_validation (2.0.0)
2026-08-06 17:55:55 | INFO     | rules.base | Finished rule: schema_validation (0.000 sec)
2026-08-06 17:55:55 | INFO     | rules.base | Running rule: website_validation (2.0.0)
2026-08-06 17:55:55 | INFO     | rules.base | Finished rule: website_validation (0.002 sec)
2026-08-06 17:55:55 | INFO     | rules.base | Running rule: zip_validation (2.0.0)
2026-08-06 17:55:55 | INFO     | rules.base | Finished rule: zip_validation (0.000 sec)
2026-08-06 17:55:55 | INFO     | rules.executor | Finished executing 10 rules.
2026-08-06 17:55:55 | INFO     | validation.policies | Validation finished.
2026-08-06 17:55:55 | INFO     | validation.engine | Validation finished.
2026-08-06 18:01:01 | INFO     | extract.csv_reader | Reading CSV file: sample_data\customers.csv
2026-08-06 18:01:02 | INFO     | extract.csv_reader | Loaded 100 rows and 8 columns.
2026-08-06 18:01:02 | INFO     | rules.loader | Loading validation rules...
2026-08-06 18:01:02 | INFO     | rules.loader | Loaded rule: EmailValidationRule
2026-08-06 18:01:02 | INFO     | rules.loader | Loaded rule: PhoneValidationRule
2026-08-06 18:01:02 | INFO     | rules.loader | Loaded rule: WebsiteValidationRule
2026-08-06 18:01:02 | INFO     | rules.loader | Loaded rule: ZipValidationRule
2026-08-06 18:01:02 | INFO     | rules.loader | Loaded rule: NameValidationRule
2026-08-06 18:01:02 | INFO     | rules.loader | Loaded rule: DateValidationRule
2026-08-06 18:01:02 | INFO     | rules.loader | Loaded rule: DuplicateValidationRule
2026-08-06 18:01:02 | INFO     | rules.loader | Loaded rule: SchemaValidationRule
2026-08-06 18:01:02 | INFO     | rules.loader | Loaded rule: InvariantValidationRule
2026-08-06 18:01:02 | INFO     | rules.loader | Loaded rule: PIIValidationRule
2026-08-06 18:01:02 | INFO     | rules.loader | Successfully loaded 10 rule(s).
2026-08-06 18:01:02 | INFO     | validation.validator | Running validation.
2026-08-06 18:01:02 | INFO     | validation.engine | Validation started.
2026-08-06 18:01:02 | INFO     | validation.policies | Validation started.
2026-08-06 18:01:02 | INFO     | rules.executor | Starting rule execution.
2026-08-06 18:01:02 | INFO     | rules.base | Running rule: date_validation (2.0.0)
2026-08-06 18:01:02 | INFO     | rules.base | Finished rule: date_validation (0.015 sec)
2026-08-06 18:01:02 | INFO     | rules.base | Running rule: duplicate_validation (2.0.0)
2026-08-06 18:01:02 | INFO     | rules.base | Finished rule: duplicate_validation (0.002 sec)
2026-08-06 18:01:02 | INFO     | rules.base | Running rule: email_validation (2.0.0)
2026-08-06 18:01:02 | INFO     | rules.base | Finished rule: email_validation (0.000 sec)
2026-08-06 18:01:02 | INFO     | rules.base | Running rule: invariant_validation (2.0.0)
2026-08-06 18:01:02 | INFO     | rules.base | Finished rule: invariant_validation (0.000 sec)
2026-08-06 18:01:02 | INFO     | rules.base | Running rule: name_validation (2.0.0)
2026-08-06 18:01:02 | INFO     | rules.base | Finished rule: name_validation (0.001 sec)
2026-08-06 18:01:02 | INFO     | rules.base | Running rule: phone_validation (2.0.0)
2026-08-06 18:01:02 | INFO     | rules.base | Finished rule: phone_validation (0.000 sec)
2026-08-06 18:01:02 | INFO     | rules.base | Running rule: pii_validation (2.0.0)
2026-08-06 18:01:02 | INFO     | rules.base | Finished rule: pii_validation (0.002 sec)
2026-08-06 18:01:02 | INFO     | rules.base | Running rule: schema_validation (2.0.0)
2026-08-06 18:01:02 | INFO     | rules.base | Finished rule: schema_validation (0.000 sec)
2026-08-06 18:01:02 | INFO     | rules.base | Running rule: website_validation (2.0.0)
2026-08-06 18:01:02 | INFO     | rules.base | Finished rule: website_validation (0.010 sec)
2026-08-06 18:01:02 | INFO     | rules.base | Running rule: zip_validation (2.0.0)
2026-08-06 18:01:02 | INFO     | rules.base | Finished rule: zip_validation (0.000 sec)
2026-08-06 18:01:02 | INFO     | rules.executor | Finished executing 10 rules.
2026-08-06 18:01:02 | INFO     | validation.policies | Validation finished.
2026-08-06 18:01:02 | INFO     | validation.engine | Validation finished.
2026-08-06 18:03:51 | INFO     | extract.csv_reader | Reading CSV file: sample_data\customers.csv
2026-08-06 18:03:51 | INFO     | extract.csv_reader | Loaded 100 rows and 8 columns.
2026-08-06 18:03:51 | INFO     | rules.loader | Loading validation rules...
2026-08-06 18:03:51 | INFO     | rules.loader | Loaded rule: EmailValidationRule
2026-08-06 18:03:51 | INFO     | rules.loader | Loaded rule: PhoneValidationRule
2026-08-06 18:03:51 | INFO     | rules.loader | Loaded rule: WebsiteValidationRule
2026-08-06 18:03:51 | INFO     | rules.loader | Loaded rule: ZipValidationRule
2026-08-06 18:03:51 | INFO     | rules.loader | Loaded rule: NameValidationRule
2026-08-06 18:03:51 | INFO     | rules.loader | Loaded rule: DateValidationRule
2026-08-06 18:03:51 | INFO     | rules.loader | Loaded rule: DuplicateValidationRule
2026-08-06 18:03:51 | INFO     | rules.loader | Loaded rule: SchemaValidationRule
2026-08-06 18:03:51 | INFO     | rules.loader | Loaded rule: InvariantValidationRule
2026-08-06 18:03:51 | INFO     | rules.loader | Loaded rule: PIIValidationRule
2026-08-06 18:03:51 | INFO     | rules.loader | Successfully loaded 10 rule(s).
2026-08-06 18:03:51 | INFO     | validation.validator | Running validation.
2026-08-06 18:03:51 | INFO     | validation.engine | Validation started.
2026-08-06 18:03:51 | INFO     | validation.policies | Validation started.
2026-08-06 18:03:51 | INFO     | rules.executor | Starting rule execution.
2026-08-06 18:03:51 | INFO     | rules.base | Running rule: date_validation (2.0.0)
2026-08-06 18:03:51 | INFO     | rules.base | Finished rule: date_validation (0.008 sec)
2026-08-06 18:03:51 | INFO     | rules.base | Running rule: duplicate_validation (2.0.0)
2026-08-06 18:03:51 | INFO     | rules.base | Finished rule: duplicate_validation (0.002 sec)
2026-08-06 18:03:51 | INFO     | rules.base | Running rule: email_validation (2.0.0)
2026-08-06 18:03:51 | INFO     | rules.base | Finished rule: email_validation (0.000 sec)
2026-08-06 18:03:51 | INFO     | rules.base | Running rule: invariant_validation (2.0.0)
2026-08-06 18:03:51 | INFO     | rules.base | Finished rule: invariant_validation (0.000 sec)
2026-08-06 18:03:51 | INFO     | rules.base | Running rule: name_validation (2.0.0)
2026-08-06 18:03:51 | INFO     | rules.base | Finished rule: name_validation (0.001 sec)
2026-08-06 18:03:51 | INFO     | rules.base | Running rule: phone_validation (2.0.0)
2026-08-06 18:03:51 | INFO     | rules.base | Finished rule: phone_validation (0.000 sec)
2026-08-06 18:03:51 | INFO     | rules.base | Running rule: pii_validation (2.0.0)
2026-08-06 18:03:51 | INFO     | rules.base | Finished rule: pii_validation (0.004 sec)
2026-08-06 18:03:51 | INFO     | rules.base | Running rule: schema_validation (2.0.0)
2026-08-06 18:03:51 | INFO     | rules.base | Finished rule: schema_validation (0.000 sec)
2026-08-06 18:03:51 | INFO     | rules.base | Running rule: website_validation (2.0.0)
2026-08-06 18:03:51 | INFO     | rules.base | Finished rule: website_validation (0.003 sec)
2026-08-06 18:03:51 | INFO     | rules.base | Running rule: zip_validation (2.0.0)
2026-08-06 18:03:51 | INFO     | rules.base | Finished rule: zip_validation (0.000 sec)
2026-08-06 18:03:51 | INFO     | rules.executor | Finished executing 10 rules.
2026-08-06 18:03:51 | INFO     | validation.policies | Validation finished.
2026-08-06 18:03:51 | INFO     | validation.engine | Validation finished.
2026-08-06 18:26:36 | INFO     | extract.csv_reader | Reading CSV file: sample_data\customers.csv
2026-08-06 18:26:36 | INFO     | extract.csv_reader | Loaded 100 rows and 8 columns.
2026-08-06 18:26:36 | INFO     | rules.loader | Loading validation rules...
2026-08-06 18:26:36 | INFO     | rules.loader | Loaded rule: EmailValidationRule
2026-08-06 18:26:36 | INFO     | rules.loader | Loaded rule: PhoneValidationRule
2026-08-06 18:26:36 | INFO     | rules.loader | Loaded rule: WebsiteValidationRule
2026-08-06 18:26:36 | INFO     | rules.loader | Loaded rule: ZipValidationRule
2026-08-06 18:26:36 | INFO     | rules.loader | Loaded rule: NameValidationRule
2026-08-06 18:26:36 | INFO     | rules.loader | Loaded rule: DateValidationRule
2026-08-06 18:26:36 | INFO     | rules.loader | Loaded rule: DuplicateValidationRule
2026-08-06 18:26:36 | INFO     | rules.loader | Loaded rule: SchemaValidationRule
2026-08-06 18:26:36 | INFO     | rules.loader | Loaded rule: InvariantValidationRule
2026-08-06 18:26:36 | INFO     | rules.loader | Loaded rule: PIIValidationRule
2026-08-06 18:26:36 | INFO     | rules.loader | Successfully loaded 10 rule(s).
2026-08-06 18:26:36 | INFO     | validation.validator | Running validation.
2026-08-06 18:26:36 | INFO     | validation.engine | Validation started.
2026-08-06 18:26:36 | INFO     | validation.policies | Validation started.
2026-08-06 18:26:36 | INFO     | rules.executor | Starting rule execution.
2026-08-06 18:26:36 | INFO     | rules.base | Running rule: date_validation (2.0.0)
2026-08-06 18:26:36 | INFO     | rules.base | Finished rule: date_validation (0.024 sec)
2026-08-06 18:26:36 | INFO     | rules.base | Running rule: duplicate_validation (2.0.0)
2026-08-06 18:26:36 | INFO     | rules.base | Finished rule: duplicate_validation (0.002 sec)
2026-08-06 18:26:36 | INFO     | rules.base | Running rule: email_validation (2.0.0)
2026-08-06 18:26:36 | INFO     | rules.base | Finished rule: email_validation (0.000 sec)
2026-08-06 18:26:36 | INFO     | rules.base | Running rule: invariant_validation (2.0.0)
2026-08-06 18:26:36 | INFO     | rules.base | Finished rule: invariant_validation (0.001 sec)
2026-08-06 18:26:36 | INFO     | rules.base | Running rule: name_validation (2.0.0)
2026-08-06 18:26:36 | INFO     | rules.base | Finished rule: name_validation (0.000 sec)
2026-08-06 18:26:36 | INFO     | rules.base | Running rule: phone_validation (2.0.0)
2026-08-06 18:26:36 | INFO     | rules.base | Finished rule: phone_validation (0.001 sec)
2026-08-06 18:26:36 | INFO     | rules.base | Running rule: pii_validation (2.0.0)
2026-08-06 18:26:36 | INFO     | rules.base | Finished rule: pii_validation (0.005 sec)
2026-08-06 18:26:36 | INFO     | rules.base | Running rule: schema_validation (2.0.0)
2026-08-06 18:26:36 | INFO     | rules.base | Finished rule: schema_validation (0.000 sec)
2026-08-06 18:26:36 | INFO     | rules.base | Running rule: website_validation (2.0.0)
2026-08-06 18:26:36 | INFO     | rules.base | Finished rule: website_validation (0.002 sec)
2026-08-06 18:26:36 | INFO     | rules.base | Running rule: zip_validation (2.0.0)
2026-08-06 18:26:36 | INFO     | rules.base | Finished rule: zip_validation (0.000 sec)
2026-08-06 18:26:36 | INFO     | rules.executor | Finished executing 10 rules.
2026-08-06 18:26:36 | INFO     | validation.policies | Validation finished.
2026-08-06 18:26:36 | INFO     | validation.engine | Validation finished.
2026-08-06 19:03:05 | INFO     | extract.csv_reader | Reading CSV file: sample_data\customers.csv
2026-08-06 19:03:05 | INFO     | extract.csv_reader | Loaded 100 rows and 8 columns.
2026-08-06 19:03:05 | INFO     | rules.loader | Loading validation rules...
2026-08-06 19:03:05 | INFO     | rules.loader | Loaded rule: EmailValidationRule
2026-08-06 19:03:05 | INFO     | rules.loader | Loaded rule: PhoneValidationRule
2026-08-06 19:03:05 | INFO     | rules.loader | Loaded rule: WebsiteValidationRule
2026-08-06 19:03:05 | INFO     | rules.loader | Loaded rule: ZipValidationRule
2026-08-06 19:03:05 | INFO     | rules.loader | Loaded rule: NameValidationRule
2026-08-06 19:03:05 | INFO     | rules.loader | Loaded rule: DateValidationRule
2026-08-06 19:03:05 | INFO     | rules.loader | Loaded rule: DuplicateValidationRule
2026-08-06 19:03:05 | INFO     | rules.loader | Loaded rule: SchemaValidationRule
2026-08-06 19:03:05 | INFO     | rules.loader | Loaded rule: InvariantValidationRule
2026-08-06 19:03:05 | INFO     | rules.loader | Loaded rule: PIIValidationRule
2026-08-06 19:03:05 | INFO     | rules.loader | Successfully loaded 10 rule(s).
2026-08-06 19:03:05 | INFO     | validation.validator | Running validation.
2026-08-06 19:03:05 | INFO     | validation.engine | Validation started.
2026-08-06 19:03:05 | INFO     | validation.policies | Validation started.
2026-08-06 19:03:05 | INFO     | rules.executor | Starting rule execution.
2026-08-06 19:03:05 | INFO     | rules.base | Running rule: date_validation (2.0.0)
2026-08-06 19:03:05 | INFO     | rules.base | Finished rule: date_validation (0.020 sec)
2026-08-06 19:03:05 | INFO     | rules.base | Running rule: duplicate_validation (2.0.0)
2026-08-06 19:03:05 | INFO     | rules.base | Finished rule: duplicate_validation (0.001 sec)
2026-08-06 19:03:05 | INFO     | rules.base | Running rule: email_validation (2.0.0)
2026-08-06 19:03:05 | INFO     | rules.base | Finished rule: email_validation (0.000 sec)
2026-08-06 19:03:05 | INFO     | rules.base | Running rule: invariant_validation (2.0.0)
2026-08-06 19:03:05 | INFO     | rules.base | Finished rule: invariant_validation (0.001 sec)
2026-08-06 19:03:05 | INFO     | rules.base | Running rule: name_validation (2.0.0)
2026-08-06 19:03:05 | INFO     | rules.base | Finished rule: name_validation (0.000 sec)
2026-08-06 19:03:05 | INFO     | rules.base | Running rule: phone_validation (2.0.0)
2026-08-06 19:03:05 | INFO     | rules.base | Finished rule: phone_validation (0.001 sec)
2026-08-06 19:03:05 | INFO     | rules.base | Running rule: pii_validation (2.0.0)
2026-08-06 19:03:05 | INFO     | rules.base | Finished rule: pii_validation (0.003 sec)
2026-08-06 19:03:05 | INFO     | rules.base | Running rule: schema_validation (2.0.0)
2026-08-06 19:03:05 | INFO     | rules.base | Finished rule: schema_validation (0.000 sec)
2026-08-06 19:03:05 | INFO     | rules.base | Running rule: website_validation (2.0.0)
2026-08-06 19:03:05 | INFO     | rules.base | Finished rule: website_validation (0.002 sec)
2026-08-06 19:03:05 | INFO     | rules.base | Running rule: zip_validation (2.0.0)
2026-08-06 19:03:05 | INFO     | rules.base | Finished rule: zip_validation (0.000 sec)
2026-08-06 19:03:05 | INFO     | rules.executor | Finished executing 10 rules.
2026-08-06 19:03:05 | INFO     | validation.policies | Validation finished.
2026-08-06 19:03:05 | INFO     | validation.engine | Validation finished.
2026-08-06 19:06:00 | INFO     | extract.csv_reader | Reading CSV file: sample_data\customers.csv
2026-08-06 19:06:00 | INFO     | extract.csv_reader | Loaded 100 rows and 8 columns.
2026-08-06 19:06:00 | INFO     | rules.loader | Loading validation rules...
2026-08-06 19:06:00 | INFO     | rules.loader | Loaded rule: EmailValidationRule
2026-08-06 19:06:00 | INFO     | rules.loader | Loaded rule: PhoneValidationRule
2026-08-06 19:06:00 | INFO     | rules.loader | Loaded rule: WebsiteValidationRule
2026-08-06 19:06:00 | INFO     | rules.loader | Loaded rule: ZipValidationRule
2026-08-06 19:06:00 | INFO     | rules.loader | Loaded rule: NameValidationRule
2026-08-06 19:06:00 | INFO     | rules.loader | Loaded rule: DateValidationRule
2026-08-06 19:06:00 | INFO     | rules.loader | Loaded rule: DuplicateValidationRule
2026-08-06 19:06:00 | INFO     | rules.loader | Loaded rule: SchemaValidationRule
2026-08-06 19:06:00 | INFO     | rules.loader | Loaded rule: InvariantValidationRule
2026-08-06 19:06:00 | INFO     | rules.loader | Loaded rule: PIIValidationRule
2026-08-06 19:06:00 | INFO     | rules.loader | Successfully loaded 10 rule(s).
2026-08-06 19:06:00 | INFO     | validation.validator | Running validation.
2026-08-06 19:06:00 | INFO     | validation.engine | Validation started.
2026-08-06 19:06:00 | INFO     | validation.policies | Validation started.
2026-08-06 19:06:00 | INFO     | rules.executor | Starting rule execution.
2026-08-06 19:06:00 | INFO     | rules.base | Running rule: date_validation (2.0.0)
2026-08-06 19:06:00 | INFO     | rules.base | Finished rule: date_validation (0.011 sec)
2026-08-06 19:06:00 | INFO     | rules.base | Running rule: duplicate_validation (2.0.0)
2026-08-06 19:06:00 | INFO     | rules.base | Finished rule: duplicate_validation (0.002 sec)
2026-08-06 19:06:00 | INFO     | rules.base | Running rule: email_validation (2.0.0)
2026-08-06 19:06:00 | INFO     | rules.base | Finished rule: email_validation (0.001 sec)
2026-08-06 19:06:00 | INFO     | rules.base | Running rule: invariant_validation (2.0.0)
2026-08-06 19:06:00 | INFO     | rules.base | Finished rule: invariant_validation (0.000 sec)
2026-08-06 19:06:00 | INFO     | rules.base | Running rule: name_validation (2.0.0)
2026-08-06 19:06:00 | INFO     | rules.base | Finished rule: name_validation (0.003 sec)
2026-08-06 19:06:00 | INFO     | rules.base | Running rule: phone_validation (2.0.0)
2026-08-06 19:06:00 | INFO     | rules.base | Finished rule: phone_validation (0.000 sec)
2026-08-06 19:06:00 | INFO     | rules.base | Running rule: pii_validation (2.0.0)
2026-08-06 19:06:00 | INFO     | rules.base | Finished rule: pii_validation (0.003 sec)
2026-08-06 19:06:00 | INFO     | rules.base | Running rule: schema_validation (2.0.0)
2026-08-06 19:06:00 | INFO     | rules.base | Finished rule: schema_validation (0.000 sec)
2026-08-06 19:06:00 | INFO     | rules.base | Running rule: website_validation (2.0.0)
2026-08-06 19:06:00 | INFO     | rules.base | Finished rule: website_validation (0.002 sec)
2026-08-06 19:06:00 | INFO     | rules.base | Running rule: zip_validation (2.0.0)
2026-08-06 19:06:00 | INFO     | rules.base | Finished rule: zip_validation (0.000 sec)
2026-08-06 19:06:00 | INFO     | rules.executor | Finished executing 10 rules.
2026-08-06 19:06:00 | INFO     | validation.policies | Validation finished.
2026-08-06 19:06:00 | INFO     | validation.engine | Validation finished.
2026-08-06 19:13:40 | INFO     | extract.csv_reader | Reading CSV file: sample_data\customers.csv
2026-08-06 19:13:40 | INFO     | extract.csv_reader | Loaded 100 rows and 8 columns.
2026-08-06 19:13:40 | INFO     | rules.loader | Loading validation rules...
2026-08-06 19:13:40 | INFO     | rules.loader | Loaded rule: EmailValidationRule
2026-08-06 19:13:40 | INFO     | rules.loader | Loaded rule: PhoneValidationRule
2026-08-06 19:13:40 | INFO     | rules.loader | Loaded rule: WebsiteValidationRule
2026-08-06 19:13:40 | INFO     | rules.loader | Loaded rule: ZipValidationRule
2026-08-06 19:13:40 | INFO     | rules.loader | Loaded rule: NameValidationRule
2026-08-06 19:13:40 | INFO     | rules.loader | Loaded rule: DateValidationRule
2026-08-06 19:13:40 | INFO     | rules.loader | Loaded rule: DuplicateValidationRule
2026-08-06 19:13:40 | INFO     | rules.loader | Loaded rule: SchemaValidationRule
2026-08-06 19:13:40 | INFO     | rules.loader | Loaded rule: InvariantValidationRule
2026-08-06 19:13:40 | INFO     | rules.loader | Loaded rule: PIIValidationRule
2026-08-06 19:13:40 | INFO     | rules.loader | Successfully loaded 10 rule(s).
2026-08-06 19:13:40 | INFO     | validation.validator | Running validation.
2026-08-06 19:13:40 | INFO     | validation.engine | Validation started.
2026-08-06 19:13:40 | INFO     | validation.policies | Validation started.
2026-08-06 19:13:40 | INFO     | rules.executor | Starting rule execution.
2026-08-06 19:13:40 | INFO     | rules.base | Running rule: date_validation (2.0.0)
2026-08-06 19:13:40 | INFO     | rules.base | Finished rule: date_validation (0.010 sec)
2026-08-06 19:13:40 | INFO     | rules.base | Running rule: duplicate_validation (2.0.0)
2026-08-06 19:13:40 | INFO     | rules.base | Finished rule: duplicate_validation (0.003 sec)
2026-08-06 19:13:40 | INFO     | rules.base | Running rule: email_validation (2.0.0)
2026-08-06 19:13:40 | INFO     | rules.base | Finished rule: email_validation (0.000 sec)
2026-08-06 19:13:40 | INFO     | rules.base | Running rule: invariant_validation (2.0.0)
2026-08-06 19:13:40 | INFO     | rules.base | Finished rule: invariant_validation (0.000 sec)
2026-08-06 19:13:40 | INFO     | rules.base | Running rule: name_validation (2.0.0)
2026-08-06 19:13:40 | INFO     | rules.base | Finished rule: name_validation (0.001 sec)
2026-08-06 19:13:40 | INFO     | rules.base | Running rule: phone_validation (2.0.0)
2026-08-06 19:13:40 | INFO     | rules.base | Finished rule: phone_validation (0.000 sec)
2026-08-06 19:13:40 | INFO     | rules.base | Running rule: pii_validation (2.0.0)
2026-08-06 19:13:40 | INFO     | rules.base | Finished rule: pii_validation (0.003 sec)
2026-08-06 19:13:40 | INFO     | rules.base | Running rule: schema_validation (2.0.0)
2026-08-06 19:13:40 | INFO     | rules.base | Finished rule: schema_validation (0.000 sec)
2026-08-06 19:13:40 | INFO     | rules.base | Running rule: website_validation (2.0.0)
2026-08-06 19:13:40 | INFO     | rules.base | Finished rule: website_validation (0.003 sec)
2026-08-06 19:13:40 | INFO     | rules.base | Running rule: zip_validation (2.0.0)
2026-08-06 19:13:40 | INFO     | rules.base | Finished rule: zip_validation (0.000 sec)
2026-08-06 19:13:40 | INFO     | rules.executor | Finished executing 10 rules.
2026-08-06 19:13:40 | INFO     | validation.policies | Validation finished.
2026-08-06 19:13:40 | INFO     | validation.engine | Validation finished.
2026-08-06 19:14:50 | INFO     | extract.csv_reader | Reading CSV file: sample_data\customers.csv
2026-08-06 19:14:51 | INFO     | extract.csv_reader | Loaded 100 rows and 8 columns.
2026-08-06 19:14:51 | INFO     | rules.loader | Loading validation rules...
2026-08-06 19:14:51 | INFO     | rules.loader | Loaded rule: EmailValidationRule
2026-08-06 19:14:51 | INFO     | rules.loader | Loaded rule: PhoneValidationRule
2026-08-06 19:14:51 | INFO     | rules.loader | Loaded rule: WebsiteValidationRule
2026-08-06 19:14:51 | INFO     | rules.loader | Loaded rule: ZipValidationRule
2026-08-06 19:14:51 | INFO     | rules.loader | Loaded rule: NameValidationRule
2026-08-06 19:14:51 | INFO     | rules.loader | Loaded rule: DateValidationRule
2026-08-06 19:14:51 | INFO     | rules.loader | Loaded rule: DuplicateValidationRule
2026-08-06 19:14:51 | INFO     | rules.loader | Loaded rule: SchemaValidationRule
2026-08-06 19:14:51 | INFO     | rules.loader | Loaded rule: InvariantValidationRule
2026-08-06 19:14:51 | INFO     | rules.loader | Loaded rule: PIIValidationRule
2026-08-06 19:14:51 | INFO     | rules.loader | Successfully loaded 10 rule(s).
2026-08-06 19:14:51 | INFO     | validation.validator | Running validation.
2026-08-06 19:14:51 | INFO     | validation.engine | Validation started.
2026-08-06 19:14:51 | INFO     | validation.policies | Validation started.
2026-08-06 19:14:51 | INFO     | rules.executor | Starting rule execution.
2026-08-06 19:14:51 | INFO     | rules.base | Running rule: date_validation (2.0.0)
2026-08-06 19:14:51 | INFO     | rules.base | Finished rule: date_validation (0.061 sec)
2026-08-06 19:14:51 | INFO     | rules.base | Running rule: duplicate_validation (2.0.0)
2026-08-06 19:14:51 | INFO     | rules.base | Finished rule: duplicate_validation (0.008 sec)
2026-08-06 19:14:52 | INFO     | rules.base | Running rule: email_validation (2.0.0)
2026-08-06 19:14:52 | INFO     | rules.base | Finished rule: email_validation (0.001 sec)
2026-08-06 19:14:52 | INFO     | rules.base | Running rule: invariant_validation (2.0.0)
2026-08-06 19:14:52 | INFO     | rules.base | Finished rule: invariant_validation (0.000 sec)
2026-08-06 19:14:52 | INFO     | rules.base | Running rule: name_validation (2.0.0)
2026-08-06 19:14:52 | INFO     | rules.base | Finished rule: name_validation (0.003 sec)
2026-08-06 19:14:52 | INFO     | rules.base | Running rule: phone_validation (2.0.0)
2026-08-06 19:14:52 | INFO     | rules.base | Finished rule: phone_validation (0.003 sec)
2026-08-06 19:14:52 | INFO     | rules.base | Running rule: pii_validation (2.0.0)
2026-08-06 19:14:52 | INFO     | rules.base | Finished rule: pii_validation (0.121 sec)
2026-08-06 19:14:52 | INFO     | rules.base | Running rule: schema_validation (2.0.0)
2026-08-06 19:14:52 | INFO     | rules.base | Finished rule: schema_validation (0.000 sec)
2026-08-06 19:14:52 | INFO     | rules.base | Running rule: website_validation (2.0.0)
2026-08-06 19:14:52 | INFO     | rules.base | Finished rule: website_validation (0.031 sec)
2026-08-06 19:14:52 | INFO     | rules.base | Running rule: zip_validation (2.0.0)
2026-08-06 19:14:52 | INFO     | rules.base | Finished rule: zip_validation (0.000 sec)
2026-08-06 19:14:52 | INFO     | rules.executor | Finished executing 10 rules.
2026-08-06 19:14:53 | INFO     | validation.policies | Validation finished.
2026-08-06 19:14:53 | INFO     | validation.engine | Validation finished.
2026-08-07 11:30:48 | INFO     | extract.csv_reader | Reading CSV file: sample_data\customers.csv
2026-08-07 11:30:49 | INFO     | extract.csv_reader | Loaded 100 rows and 8 columns.
2026-08-07 11:30:49 | INFO     | rules.loader | Loading validation rules...
2026-08-07 11:30:49 | INFO     | rules.loader | Loaded rule: EmailValidationRule
2026-08-07 11:30:49 | INFO     | rules.loader | Loaded rule: PhoneValidationRule
2026-08-07 11:30:49 | INFO     | rules.loader | Loaded rule: WebsiteValidationRule
2026-08-07 11:30:49 | INFO     | rules.loader | Loaded rule: ZipValidationRule
2026-08-07 11:30:49 | INFO     | rules.loader | Loaded rule: NameValidationRule
2026-08-07 11:30:49 | INFO     | rules.loader | Loaded rule: DateValidationRule
2026-08-07 11:30:49 | INFO     | rules.loader | Loaded rule: DuplicateValidationRule
2026-08-07 11:30:49 | INFO     | rules.loader | Loaded rule: SchemaValidationRule
2026-08-07 11:30:49 | INFO     | rules.loader | Loaded rule: InvariantValidationRule
2026-08-07 11:30:49 | INFO     | rules.loader | Loaded rule: PIIValidationRule
2026-08-07 11:30:49 | INFO     | rules.loader | Successfully loaded 10 rule(s).
2026-08-07 11:30:49 | INFO     | validation.validator | Running validation.
2026-08-07 11:30:49 | INFO     | validation.engine | Validation started.
2026-08-07 11:30:49 | INFO     | validation.policies | Validation started.
2026-08-07 11:30:49 | INFO     | rules.executor | Starting rule execution.
2026-08-07 11:30:49 | INFO     | rules.base | Running rule: date_validation (2.0.0)
2026-08-07 11:30:49 | INFO     | rules.base | Finished rule: date_validation (0.021 sec)
2026-08-07 11:30:49 | INFO     | rules.base | Running rule: duplicate_validation (2.0.0)
2026-08-07 11:30:49 | INFO     | rules.base | Finished rule: duplicate_validation (0.002 sec)
2026-08-07 11:30:49 | INFO     | rules.base | Running rule: email_validation (2.0.0)
2026-08-07 11:30:49 | INFO     | rules.base | Finished rule: email_validation (0.000 sec)
2026-08-07 11:30:49 | INFO     | rules.base | Running rule: invariant_validation (2.0.0)
2026-08-07 11:30:49 | INFO     | rules.base | Finished rule: invariant_validation (0.001 sec)
2026-08-07 11:30:49 | INFO     | rules.base | Running rule: name_validation (2.0.0)
2026-08-07 11:30:49 | INFO     | rules.base | Finished rule: name_validation (0.001 sec)
2026-08-07 11:30:49 | INFO     | rules.base | Running rule: phone_validation (2.0.0)
2026-08-07 11:30:49 | INFO     | rules.base | Finished rule: phone_validation (0.000 sec)
2026-08-07 11:30:49 | INFO     | rules.base | Running rule: pii_validation (2.0.0)
2026-08-07 11:30:49 | INFO     | rules.base | Finished rule: pii_validation (0.003 sec)
2026-08-07 11:30:49 | INFO     | rules.base | Running rule: schema_validation (2.0.0)
2026-08-07 11:30:49 | INFO     | rules.base | Finished rule: schema_validation (0.000 sec)
2026-08-07 11:30:49 | INFO     | rules.base | Running rule: website_validation (2.0.0)
2026-08-07 11:30:49 | INFO     | rules.base | Finished rule: website_validation (0.002 sec)
2026-08-07 11:30:49 | INFO     | rules.base | Running rule: zip_validation (2.0.0)
2026-08-07 11:30:49 | INFO     | rules.base | Finished rule: zip_validation (0.000 sec)
2026-08-07 11:30:49 | INFO     | rules.executor | Finished executing 10 rules.
2026-08-07 11:30:49 | INFO     | validation.policies | Validation finished.
2026-08-07 11:30:49 | INFO     | validation.engine | Validation finished.
2026-08-07 11:32:21 | INFO     | extract.csv_reader | Reading CSV file: sample_data\customers.csv
2026-08-07 11:32:21 | INFO     | extract.csv_reader | Loaded 100 rows and 8 columns.
2026-08-07 11:32:21 | INFO     | rules.loader | Loading validation rules...
2026-08-07 11:32:21 | INFO     | rules.loader | Loaded rule: EmailValidationRule
2026-08-07 11:32:21 | INFO     | rules.loader | Loaded rule: PhoneValidationRule
2026-08-07 11:32:21 | INFO     | rules.loader | Loaded rule: WebsiteValidationRule
2026-08-07 11:32:21 | INFO     | rules.loader | Loaded rule: ZipValidationRule
2026-08-07 11:32:21 | INFO     | rules.loader | Loaded rule: NameValidationRule
2026-08-07 11:32:21 | INFO     | rules.loader | Loaded rule: DateValidationRule
2026-08-07 11:32:21 | INFO     | rules.loader | Loaded rule: DuplicateValidationRule
2026-08-07 11:32:21 | INFO     | rules.loader | Loaded rule: SchemaValidationRule
2026-08-07 11:32:21 | INFO     | rules.loader | Loaded rule: InvariantValidationRule
2026-08-07 11:32:21 | INFO     | rules.loader | Loaded rule: PIIValidationRule
2026-08-07 11:32:21 | INFO     | rules.loader | Successfully loaded 10 rule(s).
2026-08-07 11:32:21 | INFO     | validation.validator | Running validation.
2026-08-07 11:32:21 | INFO     | validation.engine | Validation started.
2026-08-07 11:32:21 | INFO     | validation.policies | Validation started.
2026-08-07 11:32:21 | INFO     | rules.executor | Starting rule execution.
2026-08-07 11:32:21 | INFO     | rules.base | Running rule: date_validation (2.0.0)
2026-08-07 11:32:21 | INFO     | rules.base | Finished rule: date_validation (0.007 sec)
2026-08-07 11:32:21 | INFO     | rules.base | Running rule: duplicate_validation (2.0.0)
2026-08-07 11:32:21 | INFO     | rules.base | Finished rule: duplicate_validation (0.002 sec)
2026-08-07 11:32:21 | INFO     | rules.base | Running rule: email_validation (2.0.0)
2026-08-07 11:32:21 | INFO     | rules.base | Finished rule: email_validation (0.000 sec)
2026-08-07 11:32:21 | INFO     | rules.base | Running rule: invariant_validation (2.0.0)
2026-08-07 11:32:21 | INFO     | rules.base | Finished rule: invariant_validation (0.000 sec)
2026-08-07 11:32:21 | INFO     | rules.base | Running rule: name_validation (2.0.0)
2026-08-07 11:32:21 | INFO     | rules.base | Finished rule: name_validation (0.000 sec)
2026-08-07 11:32:21 | INFO     | rules.base | Running rule: phone_validation (2.0.0)
2026-08-07 11:32:21 | INFO     | rules.base | Finished rule: phone_validation (0.000 sec)
2026-08-07 11:32:21 | INFO     | rules.base | Running rule: pii_validation (2.0.0)
2026-08-07 11:32:21 | INFO     | rules.base | Finished rule: pii_validation (0.002 sec)
2026-08-07 11:32:21 | INFO     | rules.base | Running rule: schema_validation (2.0.0)
2026-08-07 11:32:21 | INFO     | rules.base | Finished rule: schema_validation (0.000 sec)
2026-08-07 11:32:21 | INFO     | rules.base | Running rule: website_validation (2.0.0)
2026-08-07 11:32:21 | INFO     | rules.base | Finished rule: website_validation (0.002 sec)
2026-08-07 11:32:21 | INFO     | rules.base | Running rule: zip_validation (2.0.0)
2026-08-07 11:32:21 | INFO     | rules.base | Finished rule: zip_validation (0.000 sec)
2026-08-07 11:32:21 | INFO     | rules.executor | Finished executing 10 rules.
2026-08-07 11:32:21 | INFO     | validation.policies | Validation finished.
2026-08-07 11:32:21 | INFO     | validation.engine | Validation finished.
2026-08-07 11:37:24 | INFO     | extract.csv_reader | Reading CSV file: sample_data\customers.csv
2026-08-07 11:37:24 | INFO     | extract.csv_reader | Loaded 100 rows and 8 columns.
2026-08-07 11:37:24 | INFO     | rules.loader | Loading validation rules...
2026-08-07 11:37:25 | INFO     | rules.loader | Loaded rule: EmailValidationRule
2026-08-07 11:37:25 | INFO     | rules.loader | Loaded rule: PhoneValidationRule
2026-08-07 11:37:25 | INFO     | rules.loader | Loaded rule: WebsiteValidationRule
2026-08-07 11:37:25 | INFO     | rules.loader | Loaded rule: ZipValidationRule
2026-08-07 11:37:25 | INFO     | rules.loader | Loaded rule: NameValidationRule
2026-08-07 11:37:25 | INFO     | rules.loader | Loaded rule: DateValidationRule
2026-08-07 11:37:25 | INFO     | rules.loader | Loaded rule: DuplicateValidationRule
2026-08-07 11:37:25 | INFO     | rules.loader | Loaded rule: SchemaValidationRule
2026-08-07 11:37:25 | INFO     | rules.loader | Loaded rule: InvariantValidationRule
2026-08-07 11:37:25 | INFO     | rules.loader | Loaded rule: PIIValidationRule
2026-08-07 11:37:25 | INFO     | rules.loader | Successfully loaded 10 rule(s).
2026-08-07 11:37:25 | INFO     | validation.validator | Running validation.
2026-08-07 11:37:25 | INFO     | validation.engine | Validation started.
2026-08-07 11:37:25 | INFO     | validation.policies | Validation started.
2026-08-07 11:37:25 | INFO     | rules.executor | Starting rule execution.
2026-08-07 11:37:25 | INFO     | rules.base | Running rule: date_validation (2.0.0)
2026-08-07 11:37:25 | INFO     | rules.base | Finished rule: date_validation (0.018 sec)
2026-08-07 11:37:25 | INFO     | rules.base | Running rule: duplicate_validation (2.0.0)
2026-08-07 11:37:25 | INFO     | rules.base | Finished rule: duplicate_validation (0.002 sec)
2026-08-07 11:37:25 | INFO     | rules.base | Running rule: email_validation (2.0.0)
2026-08-07 11:37:25 | INFO     | rules.base | Finished rule: email_validation (0.000 sec)
2026-08-07 11:37:25 | INFO     | rules.base | Running rule: invariant_validation (2.0.0)
2026-08-07 11:37:25 | INFO     | rules.base | Finished rule: invariant_validation (0.001 sec)
2026-08-07 11:37:25 | INFO     | rules.base | Running rule: name_validation (2.0.0)
2026-08-07 11:37:25 | INFO     | rules.base | Finished rule: name_validation (0.000 sec)
2026-08-07 11:37:25 | INFO     | rules.base | Running rule: phone_validation (2.0.0)
2026-08-07 11:37:25 | INFO     | rules.base | Finished rule: phone_validation (0.000 sec)
2026-08-07 11:37:25 | INFO     | rules.base | Running rule: pii_validation (2.0.0)
2026-08-07 11:37:25 | INFO     | rules.base | Finished rule: pii_validation (0.002 sec)
2026-08-07 11:37:25 | INFO     | rules.base | Running rule: schema_validation (2.0.0)
2026-08-07 11:37:25 | INFO     | rules.base | Finished rule: schema_validation (0.000 sec)
2026-08-07 11:37:25 | INFO     | rules.base | Running rule: website_validation (2.0.0)
2026-08-07 11:37:25 | INFO     | rules.base | Finished rule: website_validation (0.003 sec)
2026-08-07 11:37:25 | INFO     | rules.base | Running rule: zip_validation (2.0.0)
2026-08-07 11:37:25 | INFO     | rules.base | Finished rule: zip_validation (0.000 sec)
2026-08-07 11:37:25 | INFO     | rules.executor | Finished executing 10 rules.
2026-08-07 11:37:25 | INFO     | validation.policies | Validation finished.
2026-08-07 11:37:25 | INFO     | validation.engine | Validation finished.
2026-08-07 11:37:42 | INFO     | extract.csv_reader | Reading CSV file: sample_data\customers.csv
2026-08-07 11:37:42 | INFO     | extract.csv_reader | Loaded 100 rows and 8 columns.
2026-08-07 11:37:42 | INFO     | rules.loader | Loading validation rules...
2026-08-07 11:37:43 | INFO     | rules.loader | Loaded rule: EmailValidationRule
2026-08-07 11:37:43 | INFO     | rules.loader | Loaded rule: PhoneValidationRule
2026-08-07 11:37:43 | INFO     | rules.loader | Loaded rule: WebsiteValidationRule
2026-08-07 11:37:43 | INFO     | rules.loader | Loaded rule: ZipValidationRule
2026-08-07 11:37:43 | INFO     | rules.loader | Loaded rule: NameValidationRule
2026-08-07 11:37:43 | INFO     | rules.loader | Loaded rule: DateValidationRule
2026-08-07 11:37:43 | INFO     | rules.loader | Loaded rule: DuplicateValidationRule
2026-08-07 11:37:43 | INFO     | rules.loader | Loaded rule: SchemaValidationRule
2026-08-07 11:37:43 | INFO     | rules.loader | Loaded rule: InvariantValidationRule
2026-08-07 11:37:43 | INFO     | rules.loader | Loaded rule: PIIValidationRule
2026-08-07 11:37:43 | INFO     | rules.loader | Successfully loaded 10 rule(s).
2026-08-07 11:37:43 | INFO     | validation.validator | Running validation.
2026-08-07 11:37:43 | INFO     | validation.engine | Validation started.
2026-08-07 11:37:43 | INFO     | validation.policies | Validation started.
2026-08-07 11:37:43 | INFO     | rules.executor | Starting rule execution.
2026-08-07 11:37:43 | INFO     | rules.base | Running rule: date_validation (2.0.0)
2026-08-07 11:37:43 | INFO     | rules.base | Finished rule: date_validation (0.004 sec)
2026-08-07 11:37:43 | INFO     | rules.base | Running rule: duplicate_validation (2.0.0)
2026-08-07 11:37:43 | INFO     | rules.base | Finished rule: duplicate_validation (0.002 sec)
2026-08-07 11:37:43 | INFO     | rules.base | Running rule: email_validation (2.0.0)
2026-08-07 11:37:43 | INFO     | rules.base | Finished rule: email_validation (0.000 sec)
2026-08-07 11:37:43 | INFO     | rules.base | Running rule: invariant_validation (2.0.0)
2026-08-07 11:37:43 | INFO     | rules.base | Finished rule: invariant_validation (0.000 sec)
2026-08-07 11:37:43 | INFO     | rules.base | Running rule: name_validation (2.0.0)
2026-08-07 11:37:43 | INFO     | rules.base | Finished rule: name_validation (0.000 sec)
2026-08-07 11:37:43 | INFO     | rules.base | Running rule: phone_validation (2.0.0)
2026-08-07 11:37:43 | INFO     | rules.base | Finished rule: phone_validation (0.000 sec)
2026-08-07 11:37:43 | INFO     | rules.base | Running rule: pii_validation (2.0.0)
2026-08-07 11:37:43 | INFO     | rules.base | Finished rule: pii_validation (0.001 sec)
2026-08-07 11:37:43 | INFO     | rules.base | Running rule: schema_validation (2.0.0)
2026-08-07 11:37:43 | INFO     | rules.base | Finished rule: schema_validation (0.000 sec)
2026-08-07 11:37:43 | INFO     | rules.base | Running rule: website_validation (2.0.0)
2026-08-07 11:37:43 | INFO     | rules.base | Finished rule: website_validation (0.003 sec)
2026-08-07 11:37:43 | INFO     | rules.base | Running rule: zip_validation (2.0.0)
2026-08-07 11:37:43 | INFO     | rules.base | Finished rule: zip_validation (0.000 sec)
2026-08-07 11:37:43 | INFO     | rules.executor | Finished executing 10 rules.
2026-08-07 11:37:43 | INFO     | validation.policies | Validation finished.
2026-08-07 11:37:43 | INFO     | validation.engine | Validation finished.
2026-08-07 11:43:05 | INFO     | extract.csv_reader | Reading CSV file: sample_data\customers.csv
2026-08-07 11:43:05 | INFO     | extract.csv_reader | Loaded 100 rows and 8 columns.
2026-08-07 11:43:05 | INFO     | rules.loader | Loading validation rules...
2026-08-07 11:43:05 | INFO     | rules.loader | Loaded rule: EmailValidationRule
2026-08-07 11:43:05 | INFO     | rules.loader | Loaded rule: PhoneValidationRule
2026-08-07 11:43:05 | INFO     | rules.loader | Loaded rule: WebsiteValidationRule
2026-08-07 11:43:05 | INFO     | rules.loader | Loaded rule: ZipValidationRule
2026-08-07 11:43:05 | INFO     | rules.loader | Loaded rule: NameValidationRule
2026-08-07 11:43:05 | INFO     | rules.loader | Loaded rule: DateValidationRule
2026-08-07 11:43:05 | INFO     | rules.loader | Loaded rule: DuplicateValidationRule
2026-08-07 11:43:05 | INFO     | rules.loader | Loaded rule: SchemaValidationRule
2026-08-07 11:43:05 | INFO     | rules.loader | Loaded rule: InvariantValidationRule
2026-08-07 11:43:05 | INFO     | rules.loader | Loaded rule: PIIValidationRule
2026-08-07 11:43:05 | INFO     | rules.loader | Successfully loaded 10 rule(s).
2026-08-07 11:43:05 | INFO     | validation.validator | Running validation.
2026-08-07 11:43:05 | INFO     | validation.engine | Validation started.
2026-08-07 11:43:05 | INFO     | validation.policies | Validation started.
2026-08-07 11:43:05 | INFO     | rules.executor | Starting rule execution.
2026-08-07 11:43:05 | INFO     | rules.base | Running rule: date_validation (2.0.0)
2026-08-07 11:43:05 | INFO     | rules.base | Finished rule: date_validation (0.013 sec)
2026-08-07 11:43:05 | INFO     | rules.base | Running rule: duplicate_validation (2.0.0)
2026-08-07 11:43:05 | INFO     | rules.base | Finished rule: duplicate_validation (0.002 sec)
2026-08-07 11:43:05 | INFO     | rules.base | Running rule: email_validation (2.0.0)
2026-08-07 11:43:05 | INFO     | rules.base | Finished rule: email_validation (0.000 sec)
2026-08-07 11:43:05 | INFO     | rules.base | Running rule: invariant_validation (2.0.0)
2026-08-07 11:43:05 | INFO     | rules.base | Finished rule: invariant_validation (0.000 sec)
2026-08-07 11:43:05 | INFO     | rules.base | Running rule: name_validation (2.0.0)
2026-08-07 11:43:05 | INFO     | rules.base | Finished rule: name_validation (0.000 sec)
2026-08-07 11:43:05 | INFO     | rules.base | Running rule: phone_validation (2.0.0)
2026-08-07 11:43:05 | INFO     | rules.base | Finished rule: phone_validation (0.000 sec)
2026-08-07 11:43:05 | INFO     | rules.base | Running rule: pii_validation (2.0.0)
2026-08-07 11:43:05 | INFO     | rules.base | Finished rule: pii_validation (0.004 sec)
2026-08-07 11:43:05 | INFO     | rules.base | Running rule: schema_validation (2.0.0)
2026-08-07 11:43:05 | INFO     | rules.base | Finished rule: schema_validation (0.000 sec)
2026-08-07 11:43:05 | INFO     | rules.base | Running rule: website_validation (2.0.0)
2026-08-07 11:43:05 | INFO     | rules.base | Finished rule: website_validation (0.002 sec)
2026-08-07 11:43:05 | INFO     | rules.base | Running rule: zip_validation (2.0.0)
2026-08-07 11:43:05 | INFO     | rules.base | Finished rule: zip_validation (0.000 sec)
2026-08-07 11:43:05 | INFO     | rules.executor | Finished executing 10 rules.
2026-08-07 11:43:05 | INFO     | validation.policies | Validation finished.
2026-08-07 11:43:05 | INFO     | validation.engine | Validation finished.
2026-08-07 13:18:38 | INFO     | extract.csv_reader | Reading CSV file: sample_data\customers.csv
2026-08-07 13:18:38 | INFO     | extract.csv_reader | Loaded 10000 rows and 7 columns.
2026-08-07 13:18:38 | INFO     | rules.loader | Loading validation rules...
2026-08-07 13:18:38 | INFO     | rules.loader | Loaded rule: EmailValidationRule
2026-08-07 13:18:38 | INFO     | rules.loader | Loaded rule: PhoneValidationRule
2026-08-07 13:18:38 | INFO     | rules.loader | Loaded rule: WebsiteValidationRule
2026-08-07 13:18:38 | INFO     | rules.loader | Loaded rule: ZipValidationRule
2026-08-07 13:18:38 | INFO     | rules.loader | Loaded rule: NameValidationRule
2026-08-07 13:18:38 | INFO     | rules.loader | Loaded rule: DateValidationRule
2026-08-07 13:18:38 | INFO     | rules.loader | Loaded rule: DuplicateValidationRule
2026-08-07 13:18:38 | INFO     | rules.loader | Loaded rule: SchemaValidationRule
2026-08-07 13:18:38 | INFO     | rules.loader | Loaded rule: InvariantValidationRule
2026-08-07 13:18:38 | INFO     | rules.loader | Loaded rule: PIIValidationRule
2026-08-07 13:18:38 | INFO     | rules.loader | Successfully loaded 10 rule(s).
2026-08-07 13:18:38 | INFO     | validation.validator | Running validation.
2026-08-07 13:18:38 | INFO     | validation.engine | Validation started.
2026-08-07 13:18:38 | INFO     | validation.policies | Validation started.
2026-08-07 13:18:38 | INFO     | rules.executor | Starting rule execution.
2026-08-07 13:18:38 | INFO     | rules.base | Running rule: date_validation (2.0.0)
2026-08-07 13:18:38 | INFO     | rules.base | Finished rule: date_validation (0.154 sec)
2026-08-07 13:18:38 | INFO     | rules.base | Running rule: duplicate_validation (2.0.0)
2026-08-07 13:18:38 | INFO     | rules.base | Finished rule: duplicate_validation (0.017 sec)
2026-08-07 13:18:38 | INFO     | rules.base | Running rule: email_validation (2.0.0)
2026-08-07 13:18:38 | INFO     | rules.base | Finished rule: email_validation (0.050 sec)
2026-08-07 13:18:38 | INFO     | rules.base | Running rule: invariant_validation (2.0.0)
2026-08-07 13:18:38 | INFO     | rules.base | Finished rule: invariant_validation (0.000 sec)
2026-08-07 13:18:38 | INFO     | rules.base | Running rule: name_validation (2.0.0)
2026-08-07 13:18:38 | INFO     | rules.base | Finished rule: name_validation (0.077 sec)
2026-08-07 13:18:38 | INFO     | rules.base | Running rule: phone_validation (2.0.0)
2026-08-07 13:18:38 | INFO     | rules.base | Finished rule: phone_validation (0.052 sec)
2026-08-07 13:18:38 | INFO     | rules.base | Running rule: pii_validation (2.0.0)
2026-08-07 13:18:38 | INFO     | rules.base | Finished rule: pii_validation (0.138 sec)
2026-08-07 13:18:38 | INFO     | rules.base | Running rule: schema_validation (2.0.0)
2026-08-07 13:18:38 | INFO     | rules.base | Finished rule: schema_validation (0.000 sec)
2026-08-07 13:18:38 | INFO     | rules.base | Running rule: website_validation (2.0.0)
2026-08-07 13:18:39 | INFO     | rules.base | Finished rule: website_validation (0.131 sec)
2026-08-07 13:18:39 | INFO     | rules.base | Running rule: zip_validation (2.0.0)
2026-08-07 13:18:39 | INFO     | rules.base | Finished rule: zip_validation (0.056 sec)
2026-08-07 13:18:39 | INFO     | rules.executor | Finished executing 10 rules.
2026-08-07 13:18:39 | INFO     | validation.policies | Validation finished.
2026-08-07 13:18:39 | INFO     | validation.engine | Validation finished.
2026-08-07 13:19:21 | INFO     | extract.csv_reader | Reading CSV file: sample_data\customers.csv
2026-08-07 13:19:21 | INFO     | extract.csv_reader | Loaded 10000 rows and 7 columns.
2026-08-07 13:19:21 | INFO     | rules.loader | Loading validation rules...
2026-08-07 13:19:21 | INFO     | rules.loader | Loaded rule: EmailValidationRule
2026-08-07 13:19:21 | INFO     | rules.loader | Loaded rule: PhoneValidationRule
2026-08-07 13:19:21 | INFO     | rules.loader | Loaded rule: WebsiteValidationRule
2026-08-07 13:19:21 | INFO     | rules.loader | Loaded rule: ZipValidationRule
2026-08-07 13:19:21 | INFO     | rules.loader | Loaded rule: NameValidationRule
2026-08-07 13:19:21 | INFO     | rules.loader | Loaded rule: DateValidationRule
2026-08-07 13:19:21 | INFO     | rules.loader | Loaded rule: DuplicateValidationRule
2026-08-07 13:19:21 | INFO     | rules.loader | Loaded rule: SchemaValidationRule
2026-08-07 13:19:21 | INFO     | rules.loader | Loaded rule: InvariantValidationRule
2026-08-07 13:19:21 | INFO     | rules.loader | Loaded rule: PIIValidationRule
2026-08-07 13:19:21 | INFO     | rules.loader | Successfully loaded 10 rule(s).
2026-08-07 13:19:21 | INFO     | validation.validator | Running validation.
2026-08-07 13:19:21 | INFO     | validation.engine | Validation started.
2026-08-07 13:19:21 | INFO     | validation.policies | Validation started.
2026-08-07 13:19:21 | INFO     | rules.executor | Starting rule execution.
2026-08-07 13:19:21 | INFO     | rules.base | Running rule: date_validation (2.0.0)
2026-08-07 13:19:21 | INFO     | rules.base | Finished rule: date_validation (0.079 sec)
2026-08-07 13:19:21 | INFO     | rules.base | Running rule: duplicate_validation (2.0.0)
2026-08-07 13:19:21 | INFO     | rules.base | Finished rule: duplicate_validation (0.014 sec)
2026-08-07 13:19:21 | INFO     | rules.base | Running rule: email_validation (2.0.0)
2026-08-07 13:19:21 | INFO     | rules.base | Finished rule: email_validation (0.049 sec)
2026-08-07 13:19:21 | INFO     | rules.base | Running rule: invariant_validation (2.0.0)
2026-08-07 13:19:21 | INFO     | rules.base | Finished rule: invariant_validation (0.000 sec)
2026-08-07 13:19:21 | INFO     | rules.base | Running rule: name_validation (2.0.0)
2026-08-07 13:19:21 | INFO     | rules.base | Finished rule: name_validation (0.051 sec)
2026-08-07 13:19:21 | INFO     | rules.base | Running rule: phone_validation (2.0.0)
2026-08-07 13:19:21 | INFO     | rules.base | Finished rule: phone_validation (0.039 sec)
2026-08-07 13:19:21 | INFO     | rules.base | Running rule: pii_validation (2.0.0)
2026-08-07 13:19:21 | INFO     | rules.base | Finished rule: pii_validation (0.108 sec)
2026-08-07 13:19:21 | INFO     | rules.base | Running rule: schema_validation (2.0.0)
2026-08-07 13:19:21 | INFO     | rules.base | Finished rule: schema_validation (0.000 sec)
2026-08-07 13:19:21 | INFO     | rules.base | Running rule: website_validation (2.0.0)
2026-08-07 13:19:22 | INFO     | rules.base | Finished rule: website_validation (0.083 sec)
2026-08-07 13:19:22 | INFO     | rules.base | Running rule: zip_validation (2.0.0)
2026-08-07 13:19:22 | INFO     | rules.base | Finished rule: zip_validation (0.028 sec)
2026-08-07 13:19:22 | INFO     | rules.executor | Finished executing 10 rules.
2026-08-07 13:19:22 | INFO     | validation.policies | Validation finished.
2026-08-07 13:19:22 | INFO     | validation.engine | Validation finished.
2026-08-09 19:17:56 | INFO     | extract.csv_reader | Reading CSV file: sample_data\customers.csv
2026-08-09 19:17:56 | INFO     | extract.csv_reader | Loaded 10000 rows and 7 columns.
2026-08-09 19:17:56 | INFO     | rules.loader | Loading validation rules...
2026-08-09 19:17:56 | INFO     | rules.loader | Loaded rule: EmailValidationRule
2026-08-09 19:17:56 | INFO     | rules.loader | Loaded rule: PhoneValidationRule
2026-08-09 19:17:56 | INFO     | rules.loader | Loaded rule: WebsiteValidationRule
2026-08-09 19:17:56 | INFO     | rules.loader | Loaded rule: ZipValidationRule
2026-08-09 19:17:56 | INFO     | rules.loader | Loaded rule: NameValidationRule
2026-08-09 19:17:56 | INFO     | rules.loader | Loaded rule: DateValidationRule
2026-08-09 19:17:56 | INFO     | rules.loader | Loaded rule: DuplicateValidationRule
2026-08-09 19:17:56 | INFO     | rules.loader | Loaded rule: SchemaValidationRule
2026-08-09 19:17:56 | INFO     | rules.loader | Loaded rule: InvariantValidationRule
2026-08-09 19:17:56 | INFO     | rules.loader | Loaded rule: PIIValidationRule
2026-08-09 19:17:56 | INFO     | rules.loader | Successfully loaded 10 rule(s).
2026-08-09 19:17:56 | INFO     | validation.validator | Running validation.
2026-08-09 19:17:56 | INFO     | validation.engine | Validation started.
2026-08-09 19:17:56 | INFO     | validation.policies | Validation started.
2026-08-09 19:17:56 | INFO     | rules.executor | Starting rule execution.
2026-08-09 19:17:56 | INFO     | rules.base | Running rule: date_validation (2.0.0)
2026-08-09 19:17:56 | INFO     | rules.base | Finished rule: date_validation (0.080 sec)
2026-08-09 19:17:56 | INFO     | rules.base | Running rule: duplicate_validation (2.0.0)
2026-08-09 19:17:56 | INFO     | rules.base | Finished rule: duplicate_validation (0.006 sec)
2026-08-09 19:17:56 | INFO     | rules.base | Running rule: email_validation (2.0.0)
2026-08-09 19:17:56 | INFO     | rules.base | Finished rule: email_validation (0.018 sec)
2026-08-09 19:17:56 | INFO     | rules.base | Running rule: invariant_validation (2.0.0)
2026-08-09 19:17:56 | INFO     | rules.base | Finished rule: invariant_validation (0.000 sec)
2026-08-09 19:17:56 | INFO     | rules.base | Running rule: name_validation (2.0.0)
2026-08-09 19:17:56 | INFO     | rules.base | Finished rule: name_validation (0.020 sec)
2026-08-09 19:17:56 | INFO     | rules.base | Running rule: phone_validation (2.0.0)
2026-08-09 19:17:56 | INFO     | rules.base | Finished rule: phone_validation (0.014 sec)
2026-08-09 19:17:56 | INFO     | rules.base | Running rule: pii_validation (2.0.0)
2026-08-09 19:17:56 | INFO     | rules.base | Finished rule: pii_validation (0.042 sec)
2026-08-09 19:17:56 | INFO     | rules.base | Running rule: schema_validation (2.0.0)
2026-08-09 19:17:56 | INFO     | rules.base | Finished rule: schema_validation (0.000 sec)
2026-08-09 19:17:56 | INFO     | rules.base | Running rule: website_validation (2.0.0)
2026-08-09 19:17:56 | INFO     | rules.base | Finished rule: website_validation (0.031 sec)
2026-08-09 19:17:56 | INFO     | rules.base | Running rule: zip_validation (2.0.0)
2026-08-09 19:17:56 | INFO     | rules.base | Finished rule: zip_validation (0.011 sec)
2026-08-09 19:17:56 | INFO     | rules.executor | Finished executing 10 rules.
2026-08-09 19:17:56 | INFO     | validation.policies | Validation finished.
2026-08-09 19:17:56 | INFO     | validation.engine | Validation finished.
2026-08-09 19:25:57 | INFO     | extract.csv_reader | Reading CSV file: sample_data\customers.csv
2026-08-09 19:25:57 | INFO     | extract.csv_reader | Loaded 10000 rows and 7 columns.
2026-08-09 19:25:57 | INFO     | rules.loader | Loading validation rules...
2026-08-09 19:25:57 | INFO     | rules.loader | Loaded rule: EmailValidationRule
2026-08-09 19:25:57 | INFO     | rules.loader | Loaded rule: PhoneValidationRule
2026-08-09 19:25:57 | INFO     | rules.loader | Loaded rule: WebsiteValidationRule
2026-08-09 19:25:57 | INFO     | rules.loader | Loaded rule: ZipValidationRule
2026-08-09 19:25:57 | INFO     | rules.loader | Loaded rule: NameValidationRule
2026-08-09 19:25:57 | INFO     | rules.loader | Loaded rule: DateValidationRule
2026-08-09 19:25:57 | INFO     | rules.loader | Loaded rule: DuplicateValidationRule
2026-08-09 19:25:57 | INFO     | rules.loader | Loaded rule: SchemaValidationRule
2026-08-09 19:25:57 | INFO     | rules.loader | Loaded rule: InvariantValidationRule
2026-08-09 19:25:57 | INFO     | rules.loader | Loaded rule: PIIValidationRule
2026-08-09 19:25:57 | INFO     | rules.loader | Successfully loaded 10 rule(s).
2026-08-09 19:25:57 | INFO     | validation.validator | Running validation.
2026-08-09 19:25:57 | INFO     | validation.engine | Validation started.
2026-08-09 19:25:57 | INFO     | validation.policies | Validation started.
2026-08-09 19:25:57 | INFO     | rules.executor | Starting rule execution.
2026-08-09 19:25:57 | INFO     | rules.base | Running rule: date_validation (2.0.0)
2026-08-09 19:25:57 | INFO     | rules.base | Finished rule: date_validation (0.037 sec)
2026-08-09 19:25:57 | INFO     | rules.base | Running rule: duplicate_validation (2.0.0)
2026-08-09 19:25:57 | INFO     | rules.base | Finished rule: duplicate_validation (0.006 sec)
2026-08-09 19:25:57 | INFO     | rules.base | Running rule: email_validation (2.0.0)
2026-08-09 19:25:57 | INFO     | rules.base | Finished rule: email_validation (0.030 sec)
2026-08-09 19:25:57 | INFO     | rules.base | Running rule: invariant_validation (2.0.0)
2026-08-09 19:25:57 | INFO     | rules.base | Finished rule: invariant_validation (0.000 sec)
2026-08-09 19:25:57 | INFO     | rules.base | Running rule: name_validation (2.0.0)
2026-08-09 19:25:57 | INFO     | rules.base | Finished rule: name_validation (0.015 sec)
2026-08-09 19:25:57 | INFO     | rules.base | Running rule: phone_validation (2.0.0)
2026-08-09 19:25:57 | INFO     | rules.base | Finished rule: phone_validation (0.015 sec)
2026-08-09 19:25:57 | INFO     | rules.base | Running rule: pii_validation (2.0.0)
2026-08-09 19:25:57 | INFO     | rules.base | Finished rule: pii_validation (0.033 sec)
2026-08-09 19:25:57 | INFO     | rules.base | Running rule: schema_validation (2.0.0)
2026-08-09 19:25:57 | INFO     | rules.base | Finished rule: schema_validation (0.000 sec)
2026-08-09 19:25:57 | INFO     | rules.base | Running rule: website_validation (2.0.0)
2026-08-09 19:25:57 | INFO     | rules.base | Finished rule: website_validation (0.031 sec)
2026-08-09 19:25:57 | INFO     | rules.base | Running rule: zip_validation (2.0.0)
2026-08-09 19:25:57 | INFO     | rules.base | Finished rule: zip_validation (0.009 sec)
2026-08-09 19:25:57 | INFO     | rules.executor | Finished executing 10 rules.
2026-08-09 19:25:57 | INFO     | validation.policies | Validation finished.
2026-08-09 19:25:57 | INFO     | validation.engine | Validation finished.
2026-08-09 19:28:48 | INFO     | extract.csv_reader | Reading CSV file: sample_data\customers.csv
2026-08-09 19:28:48 | INFO     | extract.csv_reader | Loaded 10000 rows and 7 columns.
2026-08-09 19:28:48 | INFO     | rules.loader | Loading validation rules...
2026-08-09 19:28:48 | INFO     | rules.loader | Loaded rule: EmailValidationRule
2026-08-09 19:28:48 | INFO     | rules.loader | Loaded rule: PhoneValidationRule
2026-08-09 19:28:48 | INFO     | rules.loader | Loaded rule: WebsiteValidationRule
2026-08-09 19:28:48 | INFO     | rules.loader | Loaded rule: ZipValidationRule
2026-08-09 19:28:48 | INFO     | rules.loader | Loaded rule: NameValidationRule
2026-08-09 19:28:48 | INFO     | rules.loader | Loaded rule: DateValidationRule
2026-08-09 19:28:48 | INFO     | rules.loader | Loaded rule: DuplicateValidationRule
2026-08-09 19:28:48 | INFO     | rules.loader | Loaded rule: SchemaValidationRule
2026-08-09 19:28:48 | INFO     | rules.loader | Loaded rule: InvariantValidationRule
2026-08-09 19:28:48 | INFO     | rules.loader | Loaded rule: PIIValidationRule
2026-08-09 19:28:48 | INFO     | rules.loader | Successfully loaded 10 rule(s).
2026-08-09 19:28:48 | INFO     | validation.validator | Running validation.
2026-08-09 19:28:48 | INFO     | validation.engine | Validation started.
2026-08-09 19:28:48 | INFO     | validation.policies | Validation started.
2026-08-09 19:28:48 | INFO     | rules.executor | Starting rule execution.
2026-08-09 19:28:48 | INFO     | rules.base | Running rule: date_validation (2.0.0)
2026-08-09 19:28:48 | INFO     | rules.base | Finished rule: date_validation (0.041 sec)
2026-08-09 19:28:48 | INFO     | rules.base | Running rule: duplicate_validation (2.0.0)
2026-08-09 19:28:48 | INFO     | rules.base | Finished rule: duplicate_validation (0.006 sec)
2026-08-09 19:28:48 | INFO     | rules.base | Running rule: email_validation (2.0.0)
2026-08-09 19:28:48 | INFO     | rules.base | Finished rule: email_validation (0.018 sec)
2026-08-09 19:28:48 | INFO     | rules.base | Running rule: invariant_validation (2.0.0)
2026-08-09 19:28:48 | INFO     | rules.base | Finished rule: invariant_validation (0.000 sec)
2026-08-09 19:28:48 | INFO     | rules.base | Running rule: name_validation (2.0.0)
2026-08-09 19:28:48 | INFO     | rules.base | Finished rule: name_validation (0.017 sec)
2026-08-09 19:28:48 | INFO     | rules.base | Running rule: phone_validation (2.0.0)
2026-08-09 19:28:48 | INFO     | rules.base | Finished rule: phone_validation (0.017 sec)
2026-08-09 19:28:48 | INFO     | rules.base | Running rule: pii_validation (2.0.0)
2026-08-09 19:28:48 | INFO     | rules.base | Finished rule: pii_validation (0.032 sec)
2026-08-09 19:28:48 | INFO     | rules.base | Running rule: schema_validation (2.0.0)
2026-08-09 19:28:48 | INFO     | rules.base | Finished rule: schema_validation (0.000 sec)
2026-08-09 19:28:48 | INFO     | rules.base | Running rule: website_validation (2.0.0)
2026-08-09 19:28:48 | INFO     | rules.base | Finished rule: website_validation (0.033 sec)
2026-08-09 19:28:49 | INFO     | rules.base | Running rule: zip_validation (2.0.0)
2026-08-09 19:28:49 | INFO     | rules.base | Finished rule: zip_validation (0.016 sec)
2026-08-09 19:28:49 | INFO     | rules.executor | Finished executing 10 rules.
2026-08-09 19:28:49 | INFO     | validation.policies | Validation finished.
2026-08-09 19:28:49 | INFO     | validation.engine | Validation finished.
2026-08-10 11:31:42 | INFO     | rules.loader | Loading validation rules...
2026-08-10 11:31:42 | INFO     | rules.loader | Loaded rule: EmailValidationRule
2026-08-10 11:31:42 | INFO     | rules.loader | Loaded rule: PhoneValidationRule
2026-08-10 11:31:42 | INFO     | rules.loader | Loaded rule: WebsiteValidationRule
2026-08-10 11:31:42 | INFO     | rules.loader | Loaded rule: ZipValidationRule
2026-08-10 11:31:42 | INFO     | rules.loader | Loaded rule: NameValidationRule
2026-08-10 11:31:42 | INFO     | rules.loader | Loaded rule: DateValidationRule
2026-08-10 11:31:42 | INFO     | rules.loader | Loaded rule: DuplicateValidationRule
2026-08-10 11:31:42 | INFO     | rules.loader | Loaded rule: SchemaValidationRule
2026-08-10 11:31:42 | INFO     | rules.loader | Loaded rule: InvariantValidationRule
2026-08-10 11:31:42 | INFO     | rules.loader | Loaded rule: PIIValidationRule
2026-08-10 11:31:42 | INFO     | rules.loader | Successfully loaded 10 rule(s).
2026-08-10 11:31:42 | INFO     | rules.loader | Loading validation rules...
2026-08-10 11:31:42 | INFO     | rules.loader | Loaded rule: EmailValidationRule
2026-08-10 11:31:42 | INFO     | rules.loader | Loaded rule: PhoneValidationRule
2026-08-10 11:31:42 | INFO     | rules.loader | Loaded rule: WebsiteValidationRule
2026-08-10 11:31:42 | INFO     | rules.loader | Loaded rule: ZipValidationRule
2026-08-10 11:31:42 | INFO     | rules.loader | Loaded rule: NameValidationRule
2026-08-10 11:31:42 | INFO     | rules.loader | Loaded rule: DateValidationRule
2026-08-10 11:31:42 | INFO     | rules.loader | Loaded rule: DuplicateValidationRule
2026-08-10 11:31:42 | INFO     | rules.loader | Loaded rule: SchemaValidationRule
2026-08-10 11:31:42 | INFO     | rules.loader | Loaded rule: InvariantValidationRule
2026-08-10 11:31:42 | INFO     | rules.loader | Loaded rule: PIIValidationRule
2026-08-10 11:31:42 | INFO     | rules.loader | Successfully loaded 10 rule(s).
2026-08-10 11:31:42 | INFO     | rules.loader | Loading validation rules...
2026-08-10 11:31:42 | INFO     | rules.loader | Loaded rule: EmailValidationRule
2026-08-10 11:31:42 | INFO     | rules.loader | Loaded rule: PhoneValidationRule
2026-08-10 11:31:42 | INFO     | rules.loader | Loaded rule: WebsiteValidationRule
2026-08-10 11:31:42 | INFO     | rules.loader | Loaded rule: ZipValidationRule
2026-08-10 11:31:43 | INFO     | rules.loader | Loaded rule: NameValidationRule
2026-08-10 11:31:43 | INFO     | rules.loader | Loaded rule: DateValidationRule
2026-08-10 11:31:43 | INFO     | rules.loader | Loaded rule: DuplicateValidationRule
2026-08-10 11:31:43 | INFO     | rules.loader | Loaded rule: SchemaValidationRule
2026-08-10 11:31:43 | INFO     | rules.loader | Loaded rule: InvariantValidationRule
2026-08-10 11:31:43 | INFO     | rules.loader | Loaded rule: PIIValidationRule
2026-08-10 11:31:43 | INFO     | rules.loader | Successfully loaded 10 rule(s).
2026-08-10 11:31:43 | INFO     | rules.loader | Loading validation rules...
2026-08-10 11:31:43 | INFO     | rules.loader | Loaded rule: EmailValidationRule
2026-08-10 11:31:43 | INFO     | rules.loader | Loaded rule: PhoneValidationRule
2026-08-10 11:31:43 | INFO     | rules.loader | Loaded rule: WebsiteValidationRule
2026-08-10 11:31:43 | INFO     | rules.loader | Loaded rule: ZipValidationRule
2026-08-10 11:31:43 | INFO     | rules.loader | Loaded rule: NameValidationRule
2026-08-10 11:31:43 | INFO     | rules.loader | Loaded rule: DateValidationRule
2026-08-10 11:31:43 | INFO     | rules.loader | Loaded rule: DuplicateValidationRule
2026-08-10 11:31:43 | INFO     | rules.loader | Loaded rule: SchemaValidationRule
2026-08-10 11:31:43 | INFO     | rules.loader | Loaded rule: InvariantValidationRule
2026-08-10 11:31:43 | INFO     | rules.loader | Loaded rule: PIIValidationRule
2026-08-10 11:31:43 | INFO     | rules.loader | Successfully loaded 10 rule(s).
2026-08-10 11:31:43 | INFO     | rules.loader | Loading validation rules...
2026-08-10 11:31:43 | INFO     | rules.loader | Loaded rule: EmailValidationRule
2026-08-10 11:31:43 | INFO     | rules.loader | Loaded rule: PhoneValidationRule
2026-08-10 11:31:43 | INFO     | rules.loader | Loaded rule: WebsiteValidationRule
2026-08-10 11:31:43 | INFO     | rules.loader | Loaded rule: ZipValidationRule
2026-08-10 11:31:43 | INFO     | rules.loader | Loaded rule: NameValidationRule
2026-08-10 11:31:43 | INFO     | rules.loader | Loaded rule: DateValidationRule
2026-08-10 11:31:43 | INFO     | rules.loader | Loaded rule: DuplicateValidationRule
2026-08-10 11:31:43 | INFO     | rules.loader | Loaded rule: SchemaValidationRule
2026-08-10 11:31:43 | INFO     | rules.loader | Loaded rule: InvariantValidationRule
2026-08-10 11:31:43 | INFO     | rules.loader | Loaded rule: PIIValidationRule
2026-08-10 11:31:43 | INFO     | rules.loader | Successfully loaded 10 rule(s).
2026-08-10 11:33:23 | INFO     | rules.loader | Loading validation rules...
2026-08-10 11:33:23 | INFO     | rules.loader | Loaded rule: EmailValidationRule
2026-08-10 11:33:23 | INFO     | rules.loader | Loaded rule: PhoneValidationRule
2026-08-10 11:33:23 | INFO     | rules.loader | Loaded rule: WebsiteValidationRule
2026-08-10 11:33:23 | INFO     | rules.loader | Loaded rule: ZipValidationRule
2026-08-10 11:33:23 | INFO     | rules.loader | Loaded rule: NameValidationRule
2026-08-10 11:33:23 | INFO     | rules.loader | Loaded rule: DateValidationRule
2026-08-10 11:33:23 | INFO     | rules.loader | Loaded rule: DuplicateValidationRule
2026-08-10 11:33:23 | INFO     | rules.loader | Loaded rule: SchemaValidationRule
2026-08-10 11:33:23 | INFO     | rules.loader | Loaded rule: InvariantValidationRule
2026-08-10 11:33:23 | INFO     | rules.loader | Loaded rule: PIIValidationRule
2026-08-10 11:33:23 | INFO     | rules.loader | Successfully loaded 10 rule(s).
2026-08-10 11:33:23 | INFO     | rules.loader | Loading validation rules...
2026-08-10 11:33:23 | INFO     | rules.loader | Loaded rule: EmailValidationRule
2026-08-10 11:33:23 | INFO     | rules.loader | Loaded rule: PhoneValidationRule
2026-08-10 11:33:23 | INFO     | rules.loader | Loaded rule: WebsiteValidationRule
2026-08-10 11:33:23 | INFO     | rules.loader | Loaded rule: ZipValidationRule
2026-08-10 11:33:23 | INFO     | rules.loader | Loaded rule: NameValidationRule
2026-08-10 11:33:23 | INFO     | rules.loader | Loaded rule: DateValidationRule
2026-08-10 11:33:23 | INFO     | rules.loader | Loaded rule: DuplicateValidationRule
2026-08-10 11:33:23 | INFO     | rules.loader | Loaded rule: SchemaValidationRule
2026-08-10 11:33:23 | INFO     | rules.loader | Loaded rule: InvariantValidationRule
2026-08-10 11:33:23 | INFO     | rules.loader | Loaded rule: PIIValidationRule
2026-08-10 11:33:23 | INFO     | rules.loader | Successfully loaded 10 rule(s).
2026-08-10 11:33:23 | INFO     | rules.loader | Loading validation rules...
2026-08-10 11:33:23 | INFO     | rules.loader | Loaded rule: EmailValidationRule
2026-08-10 11:33:23 | INFO     | rules.loader | Loaded rule: PhoneValidationRule
2026-08-10 11:33:23 | INFO     | rules.loader | Loaded rule: WebsiteValidationRule
2026-08-10 11:33:23 | INFO     | rules.loader | Loaded rule: ZipValidationRule
2026-08-10 11:33:23 | INFO     | rules.loader | Loaded rule: NameValidationRule
2026-08-10 11:33:23 | INFO     | rules.loader | Loaded rule: DateValidationRule
2026-08-10 11:33:23 | INFO     | rules.loader | Loaded rule: DuplicateValidationRule
2026-08-10 11:33:23 | INFO     | rules.loader | Loaded rule: SchemaValidationRule
2026-08-10 11:33:23 | INFO     | rules.loader | Loaded rule: InvariantValidationRule
2026-08-10 11:33:23 | INFO     | rules.loader | Loaded rule: PIIValidationRule
2026-08-10 11:33:23 | INFO     | rules.loader | Successfully loaded 10 rule(s).
2026-08-10 11:33:23 | INFO     | rules.loader | Loading validation rules...
2026-08-10 11:33:23 | INFO     | rules.loader | Loaded rule: EmailValidationRule
2026-08-10 11:33:23 | INFO     | rules.loader | Loaded rule: PhoneValidationRule
2026-08-10 11:33:23 | INFO     | rules.loader | Loaded rule: WebsiteValidationRule
2026-08-10 11:33:23 | INFO     | rules.loader | Loaded rule: ZipValidationRule
2026-08-10 11:33:23 | INFO     | rules.loader | Loaded rule: NameValidationRule
2026-08-10 11:33:23 | INFO     | rules.loader | Loaded rule: DateValidationRule
2026-08-10 11:33:23 | INFO     | rules.loader | Loaded rule: DuplicateValidationRule
2026-08-10 11:33:23 | INFO     | rules.loader | Loaded rule: SchemaValidationRule
2026-08-10 11:33:23 | INFO     | rules.loader | Loaded rule: InvariantValidationRule
2026-08-10 11:33:23 | INFO     | rules.loader | Loaded rule: PIIValidationRule
2026-08-10 11:33:23 | INFO     | rules.loader | Successfully loaded 10 rule(s).
2026-08-10 11:33:23 | INFO     | rules.loader | Loading validation rules...
2026-08-10 11:33:23 | INFO     | rules.loader | Loaded rule: EmailValidationRule
2026-08-10 11:33:23 | INFO     | rules.loader | Loaded rule: PhoneValidationRule
2026-08-10 11:33:23 | INFO     | rules.loader | Loaded rule: WebsiteValidationRule
2026-08-10 11:33:23 | INFO     | rules.loader | Loaded rule: ZipValidationRule
2026-08-10 11:33:23 | INFO     | rules.loader | Loaded rule: NameValidationRule
2026-08-10 11:33:23 | INFO     | rules.loader | Loaded rule: DateValidationRule
2026-08-10 11:33:23 | INFO     | rules.loader | Loaded rule: DuplicateValidationRule
2026-08-10 11:33:23 | INFO     | rules.loader | Loaded rule: SchemaValidationRule
2026-08-10 11:33:23 | INFO     | rules.loader | Loaded rule: InvariantValidationRule
2026-08-10 11:33:23 | INFO     | rules.loader | Loaded rule: PIIValidationRule
2026-08-10 11:33:23 | INFO     | rules.loader | Successfully loaded 10 rule(s).
2026-08-10 11:49:19 | INFO     | rules.loader | Loading validation rules...
2026-08-10 11:49:19 | INFO     | rules.loader | Loaded rule: EmailValidationRule
2026-08-10 11:49:19 | INFO     | rules.loader | Loaded rule: PhoneValidationRule
2026-08-10 11:49:19 | INFO     | rules.loader | Loaded rule: WebsiteValidationRule
2026-08-10 11:49:19 | INFO     | rules.loader | Loaded rule: ZipValidationRule
2026-08-10 11:49:19 | INFO     | rules.loader | Loaded rule: NameValidationRule
2026-08-10 11:49:19 | INFO     | rules.loader | Loaded rule: DateValidationRule
2026-08-10 11:49:19 | INFO     | rules.loader | Loaded rule: DuplicateValidationRule
2026-08-10 11:49:19 | INFO     | rules.loader | Loaded rule: SchemaValidationRule
2026-08-10 11:49:19 | INFO     | rules.loader | Loaded rule: InvariantValidationRule
2026-08-10 11:49:19 | INFO     | rules.loader | Loaded rule: PIIValidationRule
2026-08-10 11:49:19 | INFO     | rules.loader | Successfully loaded 10 rule(s).
2026-08-10 11:49:19 | INFO     | rules.loader | Loading validation rules...
2026-08-10 11:49:19 | INFO     | rules.loader | Loaded rule: EmailValidationRule
2026-08-10 11:49:19 | INFO     | rules.loader | Loaded rule: PhoneValidationRule
2026-08-10 11:49:19 | INFO     | rules.loader | Loaded rule: WebsiteValidationRule
2026-08-10 11:49:19 | INFO     | rules.loader | Loaded rule: ZipValidationRule
2026-08-10 11:49:19 | INFO     | rules.loader | Loaded rule: NameValidationRule
2026-08-10 11:49:19 | INFO     | rules.loader | Loaded rule: DateValidationRule
2026-08-10 11:49:19 | INFO     | rules.loader | Loaded rule: DuplicateValidationRule
2026-08-10 11:49:19 | INFO     | rules.loader | Loaded rule: SchemaValidationRule
2026-08-10 11:49:19 | INFO     | rules.loader | Loaded rule: InvariantValidationRule
2026-08-10 11:49:19 | INFO     | rules.loader | Loaded rule: PIIValidationRule
2026-08-10 11:49:19 | INFO     | rules.loader | Successfully loaded 10 rule(s).
2026-08-10 11:49:19 | INFO     | rules.loader | Loading validation rules...
2026-08-10 11:49:19 | INFO     | rules.loader | Loaded rule: EmailValidationRule
2026-08-10 11:49:19 | INFO     | rules.loader | Loaded rule: PhoneValidationRule
2026-08-10 11:49:19 | INFO     | rules.loader | Loaded rule: WebsiteValidationRule
2026-08-10 11:49:19 | INFO     | rules.loader | Loaded rule: ZipValidationRule
2026-08-10 11:49:19 | INFO     | rules.loader | Loaded rule: NameValidationRule
2026-08-10 11:49:19 | INFO     | rules.loader | Loaded rule: DateValidationRule
2026-08-10 11:49:19 | INFO     | rules.loader | Loaded rule: DuplicateValidationRule
2026-08-10 11:49:19 | INFO     | rules.loader | Loaded rule: SchemaValidationRule
2026-08-10 11:49:19 | INFO     | rules.loader | Loaded rule: InvariantValidationRule
2026-08-10 11:49:19 | INFO     | rules.loader | Loaded rule: PIIValidationRule
2026-08-10 11:49:19 | INFO     | rules.loader | Successfully loaded 10 rule(s).
2026-08-10 11:49:19 | INFO     | rules.loader | Loading validation rules...
2026-08-10 11:49:19 | INFO     | rules.loader | Loaded rule: EmailValidationRule
2026-08-10 11:49:19 | INFO     | rules.loader | Loaded rule: PhoneValidationRule
2026-08-10 11:49:19 | INFO     | rules.loader | Loaded rule: WebsiteValidationRule
2026-08-10 11:49:19 | INFO     | rules.loader | Loaded rule: ZipValidationRule
2026-08-10 11:49:19 | INFO     | rules.loader | Loaded rule: NameValidationRule
2026-08-10 11:49:19 | INFO     | rules.loader | Loaded rule: DateValidationRule
2026-08-10 11:49:19 | INFO     | rules.loader | Loaded rule: DuplicateValidationRule
2026-08-10 11:49:19 | INFO     | rules.loader | Loaded rule: SchemaValidationRule
2026-08-10 11:49:19 | INFO     | rules.loader | Loaded rule: InvariantValidationRule
2026-08-10 11:49:19 | INFO     | rules.loader | Loaded rule: PIIValidationRule
2026-08-10 11:49:19 | INFO     | rules.loader | Successfully loaded 10 rule(s).
2026-08-10 11:49:19 | INFO     | rules.loader | Loading validation rules...
2026-08-10 11:49:19 | INFO     | rules.loader | Loaded rule: EmailValidationRule
2026-08-10 11:49:19 | INFO     | rules.loader | Loaded rule: PhoneValidationRule
2026-08-10 11:49:19 | INFO     | rules.loader | Loaded rule: WebsiteValidationRule
2026-08-10 11:49:19 | INFO     | rules.loader | Loaded rule: ZipValidationRule
2026-08-10 11:49:19 | INFO     | rules.loader | Loaded rule: NameValidationRule
2026-08-10 11:49:19 | INFO     | rules.loader | Loaded rule: DateValidationRule
2026-08-10 11:49:19 | INFO     | rules.loader | Loaded rule: DuplicateValidationRule
2026-08-10 11:49:19 | INFO     | rules.loader | Loaded rule: SchemaValidationRule
2026-08-10 11:49:19 | INFO     | rules.loader | Loaded rule: InvariantValidationRule
2026-08-10 11:49:19 | INFO     | rules.loader | Loaded rule: PIIValidationRule
2026-08-10 11:49:19 | INFO     | rules.loader | Successfully loaded 10 rule(s).
2026-08-10 11:55:59 | INFO     | rules.loader | Loading validation rules...
2026-08-10 11:55:59 | INFO     | rules.loader | Loaded rule: EmailValidationRule
2026-08-10 11:55:59 | INFO     | rules.loader | Loaded rule: PhoneValidationRule
2026-08-10 11:55:59 | INFO     | rules.loader | Loaded rule: WebsiteValidationRule
2026-08-10 11:55:59 | INFO     | rules.loader | Loaded rule: ZipValidationRule
2026-08-10 11:55:59 | INFO     | rules.loader | Loaded rule: NameValidationRule
2026-08-10 11:55:59 | INFO     | rules.loader | Loaded rule: DateValidationRule
2026-08-10 11:55:59 | INFO     | rules.loader | Loaded rule: DuplicateValidationRule
2026-08-10 11:55:59 | INFO     | rules.loader | Loaded rule: SchemaValidationRule
2026-08-10 11:55:59 | INFO     | rules.loader | Loaded rule: InvariantValidationRule
2026-08-10 11:55:59 | INFO     | rules.loader | Loaded rule: PIIValidationRule
2026-08-10 11:55:59 | INFO     | rules.loader | Successfully loaded 10 rule(s).
2026-08-10 11:55:59 | INFO     | rules.loader | Loading validation rules...
2026-08-10 11:55:59 | INFO     | rules.loader | Loaded rule: EmailValidationRule
2026-08-10 11:55:59 | INFO     | rules.loader | Loaded rule: PhoneValidationRule
2026-08-10 11:55:59 | INFO     | rules.loader | Loaded rule: WebsiteValidationRule
2026-08-10 11:55:59 | INFO     | rules.loader | Loaded rule: ZipValidationRule
2026-08-10 11:55:59 | INFO     | rules.loader | Loaded rule: NameValidationRule
2026-08-10 11:55:59 | INFO     | rules.loader | Loaded rule: DateValidationRule
2026-08-10 11:55:59 | INFO     | rules.loader | Loaded rule: DuplicateValidationRule
2026-08-10 11:55:59 | INFO     | rules.loader | Loaded rule: SchemaValidationRule
2026-08-10 11:55:59 | INFO     | rules.loader | Loaded rule: InvariantValidationRule
2026-08-10 11:55:59 | INFO     | rules.loader | Loaded rule: PIIValidationRule
2026-08-10 11:55:59 | INFO     | rules.loader | Successfully loaded 10 rule(s).
2026-08-10 11:55:59 | INFO     | rules.loader | Loading validation rules...
2026-08-10 11:55:59 | INFO     | rules.loader | Loaded rule: EmailValidationRule
2026-08-10 11:55:59 | INFO     | rules.loader | Loaded rule: PhoneValidationRule
2026-08-10 11:55:59 | INFO     | rules.loader | Loaded rule: WebsiteValidationRule
2026-08-10 11:55:59 | INFO     | rules.loader | Loaded rule: ZipValidationRule
2026-08-10 11:55:59 | INFO     | rules.loader | Loaded rule: NameValidationRule
2026-08-10 11:55:59 | INFO     | rules.loader | Loaded rule: DateValidationRule
2026-08-10 11:55:59 | INFO     | rules.loader | Loaded rule: DuplicateValidationRule
2026-08-10 11:55:59 | INFO     | rules.loader | Loaded rule: SchemaValidationRule
2026-08-10 11:55:59 | INFO     | rules.loader | Loaded rule: InvariantValidationRule
2026-08-10 11:55:59 | INFO     | rules.loader | Loaded rule: PIIValidationRule
2026-08-10 11:55:59 | INFO     | rules.loader | Successfully loaded 10 rule(s).
2026-08-10 11:55:59 | INFO     | rules.loader | Loading validation rules...
2026-08-10 11:55:59 | INFO     | rules.loader | Loaded rule: EmailValidationRule
2026-08-10 11:55:59 | INFO     | rules.loader | Loaded rule: PhoneValidationRule
2026-08-10 11:55:59 | INFO     | rules.loader | Loaded rule: WebsiteValidationRule
2026-08-10 11:55:59 | INFO     | rules.loader | Loaded rule: ZipValidationRule
2026-08-10 11:55:59 | INFO     | rules.loader | Loaded rule: NameValidationRule
2026-08-10 11:55:59 | INFO     | rules.loader | Loaded rule: DateValidationRule
2026-08-10 11:55:59 | INFO     | rules.loader | Loaded rule: DuplicateValidationRule
2026-08-10 11:55:59 | INFO     | rules.loader | Loaded rule: SchemaValidationRule
2026-08-10 11:55:59 | INFO     | rules.loader | Loaded rule: InvariantValidationRule
2026-08-10 11:55:59 | INFO     | rules.loader | Loaded rule: PIIValidationRule
2026-08-10 11:55:59 | INFO     | rules.loader | Successfully loaded 10 rule(s).
2026-08-10 11:55:59 | INFO     | rules.loader | Loading validation rules...
2026-08-10 11:55:59 | INFO     | rules.loader | Loaded rule: EmailValidationRule
2026-08-10 11:55:59 | INFO     | rules.loader | Loaded rule: PhoneValidationRule
2026-08-10 11:55:59 | INFO     | rules.loader | Loaded rule: WebsiteValidationRule
2026-08-10 11:55:59 | INFO     | rules.loader | Loaded rule: ZipValidationRule
2026-08-10 11:55:59 | INFO     | rules.loader | Loaded rule: NameValidationRule
2026-08-10 11:55:59 | INFO     | rules.loader | Loaded rule: DateValidationRule
2026-08-10 11:55:59 | INFO     | rules.loader | Loaded rule: DuplicateValidationRule
2026-08-10 11:55:59 | INFO     | rules.loader | Loaded rule: SchemaValidationRule
2026-08-10 11:55:59 | INFO     | rules.loader | Loaded rule: InvariantValidationRule
2026-08-10 11:55:59 | INFO     | rules.loader | Loaded rule: PIIValidationRule
2026-08-10 11:55:59 | INFO     | rules.loader | Successfully loaded 10 rule(s).
2026-08-10 12:08:19 | INFO     | rules.loader | Loading validation rules...
2026-08-10 12:08:19 | INFO     | rules.loader | Loaded rule: EmailValidationRule
2026-08-10 12:08:19 | INFO     | rules.loader | Loaded rule: PhoneValidationRule
2026-08-10 12:08:19 | INFO     | rules.loader | Loaded rule: WebsiteValidationRule
2026-08-10 12:08:19 | INFO     | rules.loader | Loaded rule: ZipValidationRule
2026-08-10 12:08:19 | INFO     | rules.loader | Loaded rule: NameValidationRule
2026-08-10 12:08:19 | INFO     | rules.loader | Loaded rule: DateValidationRule
2026-08-10 12:08:19 | INFO     | rules.loader | Loaded rule: DuplicateValidationRule
2026-08-10 12:08:19 | INFO     | rules.loader | Loaded rule: SchemaValidationRule
2026-08-10 12:08:19 | INFO     | rules.loader | Loaded rule: InvariantValidationRule
2026-08-10 12:08:19 | INFO     | rules.loader | Loaded rule: PIIValidationRule
2026-08-10 12:08:19 | INFO     | rules.loader | Successfully loaded 10 rule(s).
2026-08-10 12:08:19 | INFO     | rules.loader | Loading validation rules...
2026-08-10 12:08:19 | INFO     | rules.loader | Loaded rule: EmailValidationRule
2026-08-10 12:08:19 | INFO     | rules.loader | Loaded rule: PhoneValidationRule
2026-08-10 12:08:19 | INFO     | rules.loader | Loaded rule: WebsiteValidationRule
2026-08-10 12:08:19 | INFO     | rules.loader | Loaded rule: ZipValidationRule
2026-08-10 12:08:19 | INFO     | rules.loader | Loaded rule: NameValidationRule
2026-08-10 12:08:19 | INFO     | rules.loader | Loaded rule: DateValidationRule
2026-08-10 12:08:19 | INFO     | rules.loader | Loaded rule: DuplicateValidationRule
2026-08-10 12:08:19 | INFO     | rules.loader | Loaded rule: SchemaValidationRule
2026-08-10 12:08:19 | INFO     | rules.loader | Loaded rule: InvariantValidationRule
2026-08-10 12:08:19 | INFO     | rules.loader | Loaded rule: PIIValidationRule
2026-08-10 12:08:19 | INFO     | rules.loader | Successfully loaded 10 rule(s).
2026-08-10 12:08:19 | INFO     | rules.loader | Loading validation rules...
2026-08-10 12:08:19 | INFO     | rules.loader | Loaded rule: EmailValidationRule
2026-08-10 12:08:19 | INFO     | rules.loader | Loaded rule: PhoneValidationRule
2026-08-10 12:08:19 | INFO     | rules.loader | Loaded rule: WebsiteValidationRule
2026-08-10 12:08:19 | INFO     | rules.loader | Loaded rule: ZipValidationRule
2026-08-10 12:08:19 | INFO     | rules.loader | Loaded rule: NameValidationRule
2026-08-10 12:08:19 | INFO     | rules.loader | Loaded rule: DateValidationRule
2026-08-10 12:08:19 | INFO     | rules.loader | Loaded rule: DuplicateValidationRule
2026-08-10 12:08:19 | INFO     | rules.loader | Loaded rule: SchemaValidationRule
2026-08-10 12:08:19 | INFO     | rules.loader | Loaded rule: InvariantValidationRule
2026-08-10 12:08:19 | INFO     | rules.loader | Loaded rule: PIIValidationRule
2026-08-10 12:08:19 | INFO     | rules.loader | Successfully loaded 10 rule(s).
2026-08-10 12:08:19 | INFO     | rules.loader | Loading validation rules...
2026-08-10 12:08:19 | INFO     | rules.loader | Loaded rule: EmailValidationRule
2026-08-10 12:08:19 | INFO     | rules.loader | Loaded rule: PhoneValidationRule
2026-08-10 12:08:19 | INFO     | rules.loader | Loaded rule: WebsiteValidationRule
2026-08-10 12:08:19 | INFO     | rules.loader | Loaded rule: ZipValidationRule
2026-08-10 12:08:19 | INFO     | rules.loader | Loaded rule: NameValidationRule
2026-08-10 12:08:19 | INFO     | rules.loader | Loaded rule: DateValidationRule
2026-08-10 12:08:19 | INFO     | rules.loader | Loaded rule: DuplicateValidationRule
2026-08-10 12:08:19 | INFO     | rules.loader | Loaded rule: SchemaValidationRule
2026-08-10 12:08:19 | INFO     | rules.loader | Loaded rule: InvariantValidationRule
2026-08-10 12:08:19 | INFO     | rules.loader | Loaded rule: PIIValidationRule
2026-08-10 12:08:19 | INFO     | rules.loader | Successfully loaded 10 rule(s).
2026-08-10 12:08:19 | INFO     | rules.loader | Loading validation rules...
2026-08-10 12:08:19 | INFO     | rules.loader | Loaded rule: EmailValidationRule
2026-08-10 12:08:19 | INFO     | rules.loader | Loaded rule: PhoneValidationRule
2026-08-10 12:08:19 | INFO     | rules.loader | Loaded rule: WebsiteValidationRule
2026-08-10 12:08:19 | INFO     | rules.loader | Loaded rule: ZipValidationRule
2026-08-10 12:08:19 | INFO     | rules.loader | Loaded rule: NameValidationRule
2026-08-10 12:08:19 | INFO     | rules.loader | Loaded rule: DateValidationRule
2026-08-10 12:08:19 | INFO     | rules.loader | Loaded rule: DuplicateValidationRule
2026-08-10 12:08:19 | INFO     | rules.loader | Loaded rule: SchemaValidationRule
2026-08-10 12:08:19 | INFO     | rules.loader | Loaded rule: InvariantValidationRule
2026-08-10 12:08:19 | INFO     | rules.loader | Loaded rule: PIIValidationRule
2026-08-10 12:08:19 | INFO     | rules.loader | Successfully loaded 10 rule(s).
2026-08-10 12:09:39 | INFO     | rules.loader | Loading validation rules...
2026-08-10 12:09:39 | INFO     | rules.loader | Loaded rule: EmailValidationRule
2026-08-10 12:09:39 | INFO     | rules.loader | Loaded rule: PhoneValidationRule
2026-08-10 12:09:39 | INFO     | rules.loader | Loaded rule: WebsiteValidationRule
2026-08-10 12:09:39 | INFO     | rules.loader | Loaded rule: ZipValidationRule
2026-08-10 12:09:39 | INFO     | rules.loader | Loaded rule: NameValidationRule
2026-08-10 12:09:39 | INFO     | rules.loader | Loaded rule: DateValidationRule
2026-08-10 12:09:39 | INFO     | rules.loader | Loaded rule: DuplicateValidationRule
2026-08-10 12:09:39 | INFO     | rules.loader | Loaded rule: SchemaValidationRule
2026-08-10 12:09:39 | INFO     | rules.loader | Loaded rule: InvariantValidationRule
2026-08-10 12:09:39 | INFO     | rules.loader | Loaded rule: PIIValidationRule
2026-08-10 12:09:39 | INFO     | rules.loader | Successfully loaded 10 rule(s).
2026-08-10 12:09:39 | INFO     | rules.loader | Loading validation rules...
2026-08-10 12:09:39 | INFO     | rules.loader | Loaded rule: EmailValidationRule
2026-08-10 12:09:39 | INFO     | rules.loader | Loaded rule: PhoneValidationRule
2026-08-10 12:09:39 | INFO     | rules.loader | Loaded rule: WebsiteValidationRule
2026-08-10 12:09:39 | INFO     | rules.loader | Loaded rule: ZipValidationRule
2026-08-10 12:09:39 | INFO     | rules.loader | Loaded rule: NameValidationRule
2026-08-10 12:09:39 | INFO     | rules.loader | Loaded rule: DateValidationRule
2026-08-10 12:09:39 | INFO     | rules.loader | Loaded rule: DuplicateValidationRule
2026-08-10 12:09:39 | INFO     | rules.loader | Loaded rule: SchemaValidationRule
2026-08-10 12:09:39 | INFO     | rules.loader | Loaded rule: InvariantValidationRule
2026-08-10 12:09:39 | INFO     | rules.loader | Loaded rule: PIIValidationRule
2026-08-10 12:09:39 | INFO     | rules.loader | Successfully loaded 10 rule(s).
2026-08-10 12:09:39 | INFO     | rules.loader | Loading validation rules...
2026-08-10 12:09:39 | INFO     | rules.loader | Loaded rule: EmailValidationRule
2026-08-10 12:09:39 | INFO     | rules.loader | Loaded rule: PhoneValidationRule
2026-08-10 12:09:39 | INFO     | rules.loader | Loaded rule: WebsiteValidationRule
2026-08-10 12:09:39 | INFO     | rules.loader | Loaded rule: ZipValidationRule
2026-08-10 12:09:39 | INFO     | rules.loader | Loaded rule: NameValidationRule
2026-08-10 12:09:39 | INFO     | rules.loader | Loaded rule: DateValidationRule
2026-08-10 12:09:39 | INFO     | rules.loader | Loaded rule: DuplicateValidationRule
2026-08-10 12:09:39 | INFO     | rules.loader | Loaded rule: SchemaValidationRule
2026-08-10 12:09:39 | INFO     | rules.loader | Loaded rule: InvariantValidationRule
2026-08-10 12:09:39 | INFO     | rules.loader | Loaded rule: PIIValidationRule
2026-08-10 12:09:39 | INFO     | rules.loader | Successfully loaded 10 rule(s).
2026-08-10 12:09:39 | INFO     | rules.loader | Loading validation rules...
2026-08-10 12:09:39 | INFO     | rules.loader | Loaded rule: EmailValidationRule
2026-08-10 12:09:39 | INFO     | rules.loader | Loaded rule: PhoneValidationRule
2026-08-10 12:09:39 | INFO     | rules.loader | Loaded rule: WebsiteValidationRule
2026-08-10 12:09:39 | INFO     | rules.loader | Loaded rule: ZipValidationRule
2026-08-10 12:09:39 | INFO     | rules.loader | Loaded rule: NameValidationRule
2026-08-10 12:09:39 | INFO     | rules.loader | Loaded rule: DateValidationRule
2026-08-10 12:09:39 | INFO     | rules.loader | Loaded rule: DuplicateValidationRule
2026-08-10 12:09:39 | INFO     | rules.loader | Loaded rule: SchemaValidationRule
2026-08-10 12:09:39 | INFO     | rules.loader | Loaded rule: InvariantValidationRule
2026-08-10 12:09:39 | INFO     | rules.loader | Loaded rule: PIIValidationRule
2026-08-10 12:09:39 | INFO     | rules.loader | Successfully loaded 10 rule(s).
2026-08-10 12:09:39 | INFO     | rules.loader | Loading validation rules...
2026-08-10 12:09:39 | INFO     | rules.loader | Loaded rule: EmailValidationRule
2026-08-10 12:09:39 | INFO     | rules.loader | Loaded rule: PhoneValidationRule
2026-08-10 12:09:39 | INFO     | rules.loader | Loaded rule: WebsiteValidationRule
2026-08-10 12:09:39 | INFO     | rules.loader | Loaded rule: ZipValidationRule
2026-08-10 12:09:39 | INFO     | rules.loader | Loaded rule: NameValidationRule
2026-08-10 12:09:39 | INFO     | rules.loader | Loaded rule: DateValidationRule
2026-08-10 12:09:39 | INFO     | rules.loader | Loaded rule: DuplicateValidationRule
2026-08-10 12:09:39 | INFO     | rules.loader | Loaded rule: SchemaValidationRule
2026-08-10 12:09:39 | INFO     | rules.loader | Loaded rule: InvariantValidationRule
2026-08-10 12:09:39 | INFO     | rules.loader | Loaded rule: PIIValidationRule
2026-08-10 12:09:39 | INFO     | rules.loader | Successfully loaded 10 rule(s).
2026-08-10 12:11:32 | INFO     | rules.loader | Loading validation rules...
2026-08-10 12:11:32 | INFO     | rules.loader | Loaded rule: EmailValidationRule
2026-08-10 12:11:32 | INFO     | rules.loader | Loaded rule: PhoneValidationRule
2026-08-10 12:11:32 | INFO     | rules.loader | Loaded rule: WebsiteValidationRule
2026-08-10 12:11:32 | INFO     | rules.loader | Loaded rule: ZipValidationRule
2026-08-10 12:11:32 | INFO     | rules.loader | Loaded rule: NameValidationRule
2026-08-10 12:11:32 | INFO     | rules.loader | Loaded rule: DateValidationRule
2026-08-10 12:11:32 | INFO     | rules.loader | Loaded rule: DuplicateValidationRule
2026-08-10 12:11:32 | INFO     | rules.loader | Loaded rule: SchemaValidationRule
2026-08-10 12:11:32 | INFO     | rules.loader | Loaded rule: InvariantValidationRule
2026-08-10 12:11:32 | INFO     | rules.loader | Loaded rule: PIIValidationRule
2026-08-10 12:11:32 | INFO     | rules.loader | Successfully loaded 10 rule(s).
2026-08-10 12:11:32 | INFO     | rules.loader | Loading validation rules...
2026-08-10 12:11:32 | INFO     | rules.loader | Loaded rule: EmailValidationRule
2026-08-10 12:11:32 | INFO     | rules.loader | Loaded rule: PhoneValidationRule
2026-08-10 12:11:32 | INFO     | rules.loader | Loaded rule: WebsiteValidationRule
2026-08-10 12:11:32 | INFO     | rules.loader | Loaded rule: ZipValidationRule
2026-08-10 12:11:32 | INFO     | rules.loader | Loaded rule: NameValidationRule
2026-08-10 12:11:32 | INFO     | rules.loader | Loaded rule: DateValidationRule
2026-08-10 12:11:32 | INFO     | rules.loader | Loaded rule: DuplicateValidationRule
2026-08-10 12:11:32 | INFO     | rules.loader | Loaded rule: SchemaValidationRule
2026-08-10 12:11:32 | INFO     | rules.loader | Loaded rule: InvariantValidationRule
2026-08-10 12:11:32 | INFO     | rules.loader | Loaded rule: PIIValidationRule
2026-08-10 12:11:32 | INFO     | rules.loader | Successfully loaded 10 rule(s).
2026-08-10 12:11:32 | INFO     | rules.loader | Loading validation rules...
2026-08-10 12:11:32 | INFO     | rules.loader | Loaded rule: EmailValidationRule
2026-08-10 12:11:32 | INFO     | rules.loader | Loaded rule: PhoneValidationRule
2026-08-10 12:11:32 | INFO     | rules.loader | Loaded rule: WebsiteValidationRule
2026-08-10 12:11:32 | INFO     | rules.loader | Loaded rule: ZipValidationRule
2026-08-10 12:11:32 | INFO     | rules.loader | Loaded rule: NameValidationRule
2026-08-10 12:11:32 | INFO     | rules.loader | Loaded rule: DateValidationRule
2026-08-10 12:11:32 | INFO     | rules.loader | Loaded rule: DuplicateValidationRule
2026-08-10 12:11:32 | INFO     | rules.loader | Loaded rule: SchemaValidationRule
2026-08-10 12:11:32 | INFO     | rules.loader | Loaded rule: InvariantValidationRule
2026-08-10 12:11:32 | INFO     | rules.loader | Loaded rule: PIIValidationRule
2026-08-10 12:11:32 | INFO     | rules.loader | Successfully loaded 10 rule(s).
2026-08-10 12:11:32 | INFO     | rules.loader | Loading validation rules...
2026-08-10 12:11:32 | INFO     | rules.loader | Loaded rule: EmailValidationRule
2026-08-10 12:11:32 | INFO     | rules.loader | Loaded rule: PhoneValidationRule
2026-08-10 12:11:32 | INFO     | rules.loader | Loaded rule: WebsiteValidationRule
2026-08-10 12:11:32 | INFO     | rules.loader | Loaded rule: ZipValidationRule
2026-08-10 12:11:32 | INFO     | rules.loader | Loaded rule: NameValidationRule
2026-08-10 12:11:32 | INFO     | rules.loader | Loaded rule: DateValidationRule
2026-08-10 12:11:32 | INFO     | rules.loader | Loaded rule: DuplicateValidationRule
2026-08-10 12:11:32 | INFO     | rules.loader | Loaded rule: SchemaValidationRule
2026-08-10 12:11:32 | INFO     | rules.loader | Loaded rule: InvariantValidationRule
2026-08-10 12:11:32 | INFO     | rules.loader | Loaded rule: PIIValidationRule
2026-08-10 12:11:32 | INFO     | rules.loader | Successfully loaded 10 rule(s).
2026-08-10 12:11:32 | INFO     | rules.loader | Loading validation rules...
2026-08-10 12:11:32 | INFO     | rules.loader | Loaded rule: EmailValidationRule
2026-08-10 12:11:32 | INFO     | rules.loader | Loaded rule: PhoneValidationRule
2026-08-10 12:11:32 | INFO     | rules.loader | Loaded rule: WebsiteValidationRule
2026-08-10 12:11:32 | INFO     | rules.loader | Loaded rule: ZipValidationRule
2026-08-10 12:11:32 | INFO     | rules.loader | Loaded rule: NameValidationRule
2026-08-10 12:11:32 | INFO     | rules.loader | Loaded rule: DateValidationRule
2026-08-10 12:11:32 | INFO     | rules.loader | Loaded rule: DuplicateValidationRule
2026-08-10 12:11:32 | INFO     | rules.loader | Loaded rule: SchemaValidationRule
2026-08-10 12:11:32 | INFO     | rules.loader | Loaded rule: InvariantValidationRule
2026-08-10 12:11:32 | INFO     | rules.loader | Loaded rule: PIIValidationRule
2026-08-10 12:11:32 | INFO     | rules.loader | Successfully loaded 10 rule(s).
2026-08-10 12:12:08 | INFO     | extract.csv_reader | Reading CSV file: sample_data\customers.csv
2026-08-10 12:12:08 | INFO     | extract.csv_reader | Loaded 10000 rows and 7 columns.
2026-08-10 12:12:08 | INFO     | rules.loader | Loading validation rules...
2026-08-10 12:12:08 | INFO     | rules.loader | Loaded rule: EmailValidationRule
2026-08-10 12:12:08 | INFO     | rules.loader | Loaded rule: PhoneValidationRule
2026-08-10 12:12:08 | INFO     | rules.loader | Loaded rule: WebsiteValidationRule
2026-08-10 12:12:08 | INFO     | rules.loader | Loaded rule: ZipValidationRule
2026-08-10 12:12:08 | INFO     | rules.loader | Loaded rule: NameValidationRule
2026-08-10 12:12:08 | INFO     | rules.loader | Loaded rule: DateValidationRule
2026-08-10 12:12:08 | INFO     | rules.loader | Loaded rule: DuplicateValidationRule
2026-08-10 12:12:08 | INFO     | rules.loader | Loaded rule: SchemaValidationRule
2026-08-10 12:12:08 | INFO     | rules.loader | Loaded rule: InvariantValidationRule
2026-08-10 12:12:08 | INFO     | rules.loader | Loaded rule: PIIValidationRule
2026-08-10 12:12:08 | INFO     | rules.loader | Successfully loaded 10 rule(s).
2026-08-10 12:12:08 | INFO     | validation.validator | Running validation.
2026-08-10 12:12:08 | INFO     | validation.engine | Validation started.
2026-08-10 12:12:08 | INFO     | validation.policies | Validation started.
2026-08-10 12:12:08 | INFO     | rules.executor | Starting rule execution.
2026-08-10 12:12:08 | INFO     | rules.base | Running rule: date_validation (2.0.0)
2026-08-10 12:12:08 | INFO     | rules.base | Finished rule: date_validation (0.082 sec)
2026-08-10 12:12:08 | INFO     | rules.base | Running rule: duplicate_validation (2.0.0)
2026-08-10 12:12:08 | INFO     | rules.base | Finished rule: duplicate_validation (0.009 sec)
2026-08-10 12:12:08 | INFO     | rules.base | Running rule: email_validation (2.0.0)
2026-08-10 12:12:09 | INFO     | rules.base | Finished rule: email_validation (0.023 sec)
2026-08-10 12:12:09 | INFO     | rules.base | Running rule: invariant_validation (2.0.0)
2026-08-10 12:12:09 | INFO     | rules.base | Finished rule: invariant_validation (0.000 sec)
2026-08-10 12:12:09 | INFO     | rules.base | Running rule: name_validation (2.0.0)
2026-08-10 12:12:09 | INFO     | rules.base | Finished rule: name_validation (0.017 sec)
2026-08-10 12:12:09 | INFO     | rules.base | Running rule: phone_validation (2.0.0)
2026-08-10 12:12:09 | INFO     | rules.base | Finished rule: phone_validation (0.017 sec)
2026-08-10 12:12:09 | INFO     | rules.base | Running rule: pii_validation (2.0.0)
2026-08-10 12:12:09 | INFO     | rules.base | Finished rule: pii_validation (0.031 sec)
2026-08-10 12:12:09 | INFO     | rules.base | Running rule: schema_validation (2.0.0)
2026-08-10 12:12:09 | INFO     | rules.base | Finished rule: schema_validation (0.000 sec)
2026-08-10 12:12:09 | INFO     | rules.base | Running rule: website_validation (2.0.0)
2026-08-10 12:12:09 | INFO     | rules.base | Finished rule: website_validation (0.031 sec)
2026-08-10 12:12:09 | INFO     | rules.base | Running rule: zip_validation (2.0.0)
2026-08-10 12:12:09 | INFO     | rules.base | Finished rule: zip_validation (0.012 sec)
2026-08-10 12:12:09 | INFO     | rules.executor | Finished executing 10 rules.
2026-08-10 12:12:09 | INFO     | validation.policies | Validation finished.
2026-08-10 12:12:09 | INFO     | validation.engine | Validation finished.
2026-08-10 12:14:06 | INFO     | extract.csv_reader | Reading CSV file: sample_data\customers.csv
2026-08-10 12:14:07 | INFO     | extract.csv_reader | Loaded 10000 rows and 7 columns.
2026-08-10 12:14:07 | INFO     | rules.loader | Loading validation rules...
2026-08-10 12:14:07 | INFO     | rules.loader | Loaded rule: EmailValidationRule
2026-08-10 12:14:07 | INFO     | rules.loader | Loaded rule: PhoneValidationRule
2026-08-10 12:14:07 | INFO     | rules.loader | Loaded rule: WebsiteValidationRule
2026-08-10 12:14:07 | INFO     | rules.loader | Loaded rule: ZipValidationRule
2026-08-10 12:14:07 | INFO     | rules.loader | Loaded rule: NameValidationRule
2026-08-10 12:14:07 | INFO     | rules.loader | Loaded rule: DateValidationRule
2026-08-10 12:14:07 | INFO     | rules.loader | Loaded rule: DuplicateValidationRule
2026-08-10 12:14:07 | INFO     | rules.loader | Loaded rule: SchemaValidationRule
2026-08-10 12:14:07 | INFO     | rules.loader | Loaded rule: InvariantValidationRule
2026-08-10 12:14:07 | INFO     | rules.loader | Loaded rule: PIIValidationRule
2026-08-10 12:14:07 | INFO     | rules.loader | Successfully loaded 10 rule(s).
2026-08-10 12:14:07 | INFO     | validation.validator | Running validation.
2026-08-10 12:14:07 | INFO     | validation.engine | Validation started.
2026-08-10 12:14:07 | INFO     | validation.policies | Validation started.
2026-08-10 12:14:07 | INFO     | rules.executor | Starting rule execution.
2026-08-10 12:14:07 | INFO     | rules.base | Running rule: date_validation (2.0.0)
2026-08-10 12:14:07 | INFO     | rules.base | Finished rule: date_validation (0.068 sec)
2026-08-10 12:14:07 | INFO     | rules.base | Running rule: duplicate_validation (2.0.0)
2026-08-10 12:14:07 | INFO     | rules.base | Finished rule: duplicate_validation (0.006 sec)
2026-08-10 12:14:07 | INFO     | rules.base | Running rule: email_validation (2.0.0)
2026-08-10 12:14:07 | INFO     | rules.base | Finished rule: email_validation (0.015 sec)
2026-08-10 12:14:07 | INFO     | rules.base | Running rule: invariant_validation (2.0.0)
2026-08-10 12:14:07 | INFO     | rules.base | Finished rule: invariant_validation (0.000 sec)
2026-08-10 12:14:07 | INFO     | rules.base | Running rule: name_validation (2.0.0)
2026-08-10 12:14:07 | INFO     | rules.base | Finished rule: name_validation (0.012 sec)
2026-08-10 12:14:07 | INFO     | rules.base | Running rule: phone_validation (2.0.0)
2026-08-10 12:14:07 | INFO     | rules.base | Finished rule: phone_validation (0.013 sec)
2026-08-10 12:14:07 | INFO     | rules.base | Running rule: pii_validation (2.0.0)
2026-08-10 12:14:07 | INFO     | rules.base | Finished rule: pii_validation (0.056 sec)
2026-08-10 12:14:07 | INFO     | rules.base | Running rule: schema_validation (2.0.0)
2026-08-10 12:14:07 | INFO     | rules.base | Finished rule: schema_validation (0.000 sec)
2026-08-10 12:14:07 | INFO     | rules.base | Running rule: website_validation (2.0.0)
2026-08-10 12:14:07 | INFO     | rules.base | Finished rule: website_validation (0.040 sec)
2026-08-10 12:14:07 | INFO     | rules.base | Running rule: zip_validation (2.0.0)
2026-08-10 12:14:07 | INFO     | rules.base | Finished rule: zip_validation (0.011 sec)
2026-08-10 12:14:07 | INFO     | rules.executor | Finished executing 10 rules.
2026-08-10 12:14:07 | INFO     | validation.policies | Validation finished.
2026-08-10 12:14:07 | INFO     | validation.engine | Validation finished.
2026-08-10 17:29:18 | INFO     | extract.csv_reader | Reading CSV file: sample_data\customers.csv
2026-08-10 17:29:18 | INFO     | extract.csv_reader | Loaded 10000 rows and 7 columns.
2026-08-10 17:29:18 | INFO     | rules.loader | Loading validation rules...
2026-08-10 17:29:18 | INFO     | rules.loader | Loaded rule: EmailValidationRule
2026-08-10 17:29:18 | INFO     | rules.loader | Loaded rule: PhoneValidationRule
2026-08-10 17:29:18 | INFO     | rules.loader | Loaded rule: WebsiteValidationRule
2026-08-10 17:29:18 | INFO     | rules.loader | Loaded rule: ZipValidationRule
2026-08-10 17:29:18 | INFO     | rules.loader | Loaded rule: NameValidationRule
2026-08-10 17:29:18 | INFO     | rules.loader | Loaded rule: DateValidationRule
2026-08-10 17:29:18 | INFO     | rules.loader | Loaded rule: DuplicateValidationRule
2026-08-10 17:29:18 | INFO     | rules.loader | Loaded rule: SchemaValidationRule
2026-08-10 17:29:18 | INFO     | rules.loader | Loaded rule: InvariantValidationRule
2026-08-10 17:29:18 | INFO     | rules.loader | Loaded rule: PIIValidationRule
2026-08-10 17:29:18 | INFO     | rules.loader | Successfully loaded 10 rule(s).
2026-08-10 17:29:18 | INFO     | validation.validator | Running validation.
2026-08-10 17:29:18 | INFO     | validation.engine | Validation started.
2026-08-10 17:29:18 | INFO     | validation.policies | Validation started.
2026-08-10 17:29:18 | INFO     | rules.executor | Starting rule execution.
2026-08-10 17:29:18 | INFO     | rules.base | Running rule: date_validation (2.0.0)
2026-08-10 17:29:18 | INFO     | rules.base | Finished rule: date_validation (0.045 sec)
2026-08-10 17:29:18 | INFO     | rules.base | Running rule: duplicate_validation (2.0.0)
2026-08-10 17:29:18 | INFO     | rules.base | Finished rule: duplicate_validation (0.012 sec)
2026-08-10 17:29:18 | INFO     | rules.base | Running rule: email_validation (2.0.0)
2026-08-10 17:29:18 | INFO     | rules.base | Finished rule: email_validation (0.012 sec)
2026-08-10 17:29:18 | INFO     | rules.base | Running rule: invariant_validation (2.0.0)
2026-08-10 17:29:18 | INFO     | rules.base | Finished rule: invariant_validation (0.001 sec)
2026-08-10 17:29:18 | INFO     | rules.base | Running rule: name_validation (2.0.0)
2026-08-10 17:29:18 | INFO     | rules.base | Finished rule: name_validation (0.011 sec)
2026-08-10 17:29:18 | INFO     | rules.base | Running rule: phone_validation (2.0.0)
2026-08-10 17:29:18 | INFO     | rules.base | Finished rule: phone_validation (0.012 sec)
2026-08-10 17:29:18 | INFO     | rules.base | Running rule: pii_validation (2.0.0)
2026-08-10 17:29:18 | INFO     | rules.base | Finished rule: pii_validation (0.025 sec)
2026-08-10 17:29:18 | INFO     | rules.base | Running rule: schema_validation (2.0.0)
2026-08-10 17:29:18 | INFO     | rules.base | Finished rule: schema_validation (0.000 sec)
2026-08-10 17:29:18 | INFO     | rules.base | Running rule: website_validation (2.0.0)
2026-08-10 17:29:18 | INFO     | rules.base | Finished rule: website_validation (0.028 sec)
2026-08-10 17:29:18 | INFO     | rules.base | Running rule: zip_validation (2.0.0)
2026-08-10 17:29:18 | INFO     | rules.base | Finished rule: zip_validation (0.010 sec)
2026-08-10 17:29:18 | INFO     | rules.executor | Finished executing 10 rules.
2026-08-10 17:29:18 | INFO     | validation.policies | Validation finished.
2026-08-10 17:29:18 | INFO     | validation.engine | Validation finished.
2026-08-10 17:29:20 | INFO     | extract.csv_reader | Reading CSV file: sample_data\customers.csv
2026-08-10 17:29:20 | INFO     | extract.csv_reader | Loaded 10000 rows and 7 columns.
2026-08-10 17:29:20 | INFO     | rules.loader | Loading validation rules...
2026-08-10 17:29:20 | INFO     | rules.loader | Loaded rule: EmailValidationRule
2026-08-10 17:29:20 | INFO     | rules.loader | Loaded rule: PhoneValidationRule
2026-08-10 17:29:20 | INFO     | rules.loader | Loaded rule: WebsiteValidationRule
2026-08-10 17:29:20 | INFO     | rules.loader | Loaded rule: ZipValidationRule
2026-08-10 17:29:20 | INFO     | rules.loader | Loaded rule: NameValidationRule
2026-08-10 17:29:20 | INFO     | rules.loader | Loaded rule: DateValidationRule
2026-08-10 17:29:20 | INFO     | rules.loader | Loaded rule: DuplicateValidationRule
2026-08-10 17:29:20 | INFO     | rules.loader | Loaded rule: SchemaValidationRule
2026-08-10 17:29:20 | INFO     | rules.loader | Loaded rule: InvariantValidationRule
2026-08-10 17:29:20 | INFO     | rules.loader | Loaded rule: PIIValidationRule
2026-08-10 17:29:20 | INFO     | rules.loader | Successfully loaded 10 rule(s).
2026-08-10 17:29:20 | INFO     | validation.validator | Running validation.
2026-08-10 17:29:20 | INFO     | validation.engine | Validation started.
2026-08-10 17:29:20 | INFO     | validation.policies | Validation started.
2026-08-10 17:29:20 | INFO     | rules.executor | Starting rule execution.
2026-08-10 17:29:20 | INFO     | rules.base | Running rule: date_validation (2.0.0)
2026-08-10 17:29:20 | INFO     | rules.base | Finished rule: date_validation (0.030 sec)
2026-08-10 17:29:20 | INFO     | rules.base | Running rule: duplicate_validation (2.0.0)
2026-08-10 17:29:20 | INFO     | rules.base | Finished rule: duplicate_validation (0.007 sec)
2026-08-10 17:29:20 | INFO     | rules.base | Running rule: email_validation (2.0.0)
2026-08-10 17:29:20 | INFO     | rules.base | Finished rule: email_validation (0.011 sec)
2026-08-10 17:29:20 | INFO     | rules.base | Running rule: invariant_validation (2.0.0)
2026-08-10 17:29:20 | INFO     | rules.base | Finished rule: invariant_validation (0.000 sec)
2026-08-10 17:29:20 | INFO     | rules.base | Running rule: name_validation (2.0.0)
2026-08-10 17:29:20 | INFO     | rules.base | Finished rule: name_validation (0.011 sec)
2026-08-10 17:29:20 | INFO     | rules.base | Running rule: phone_validation (2.0.0)
2026-08-10 17:29:20 | INFO     | rules.base | Finished rule: phone_validation (0.013 sec)
2026-08-10 17:29:20 | INFO     | rules.base | Running rule: pii_validation (2.0.0)
2026-08-10 17:29:20 | INFO     | rules.base | Finished rule: pii_validation (0.024 sec)
2026-08-10 17:29:20 | INFO     | rules.base | Running rule: schema_validation (2.0.0)
2026-08-10 17:29:20 | INFO     | rules.base | Finished rule: schema_validation (0.000 sec)
2026-08-10 17:29:20 | INFO     | rules.base | Running rule: website_validation (2.0.0)
2026-08-10 17:29:20 | INFO     | rules.base | Finished rule: website_validation (0.025 sec)
2026-08-10 17:29:20 | INFO     | rules.base | Running rule: zip_validation (2.0.0)
2026-08-10 17:29:20 | INFO     | rules.base | Finished rule: zip_validation (0.009 sec)
2026-08-10 17:29:20 | INFO     | rules.executor | Finished executing 10 rules.
2026-08-10 17:29:20 | INFO     | validation.policies | Validation finished.
2026-08-10 17:29:20 | INFO     | validation.engine | Validation finished.
2026-08-10 17:29:22 | INFO     | extract.csv_reader | Reading CSV file: sample_data\customers.csv
2026-08-10 17:29:22 | INFO     | extract.csv_reader | Loaded 10000 rows and 7 columns.
2026-08-10 17:29:22 | INFO     | rules.loader | Loading validation rules...
2026-08-10 17:29:22 | INFO     | rules.loader | Loaded rule: EmailValidationRule
2026-08-10 17:29:22 | INFO     | rules.loader | Loaded rule: PhoneValidationRule
2026-08-10 17:29:22 | INFO     | rules.loader | Loaded rule: WebsiteValidationRule
2026-08-10 17:29:22 | INFO     | rules.loader | Loaded rule: ZipValidationRule
2026-08-10 17:29:22 | INFO     | rules.loader | Loaded rule: NameValidationRule
2026-08-10 17:29:22 | INFO     | rules.loader | Loaded rule: DateValidationRule
2026-08-10 17:29:22 | INFO     | rules.loader | Loaded rule: DuplicateValidationRule
2026-08-10 17:29:22 | INFO     | rules.loader | Loaded rule: SchemaValidationRule
2026-08-10 17:29:22 | INFO     | rules.loader | Loaded rule: InvariantValidationRule
2026-08-10 17:29:22 | INFO     | rules.loader | Loaded rule: PIIValidationRule
2026-08-10 17:29:22 | INFO     | rules.loader | Successfully loaded 10 rule(s).
2026-08-10 17:29:22 | INFO     | validation.validator | Running validation.
2026-08-10 17:29:22 | INFO     | validation.engine | Validation started.
2026-08-10 17:29:22 | INFO     | validation.policies | Validation started.
2026-08-10 17:29:22 | INFO     | rules.executor | Starting rule execution.
2026-08-10 17:29:22 | INFO     | rules.base | Running rule: date_validation (2.0.0)
2026-08-10 17:29:22 | INFO     | rules.base | Finished rule: date_validation (0.024 sec)
2026-08-10 17:29:22 | INFO     | rules.base | Running rule: duplicate_validation (2.0.0)
2026-08-10 17:29:22 | INFO     | rules.base | Finished rule: duplicate_validation (0.006 sec)
2026-08-10 17:29:22 | INFO     | rules.base | Running rule: email_validation (2.0.0)
2026-08-10 17:29:22 | INFO     | rules.base | Finished rule: email_validation (0.015 sec)
2026-08-10 17:29:22 | INFO     | rules.base | Running rule: invariant_validation (2.0.0)
2026-08-10 17:29:22 | INFO     | rules.base | Finished rule: invariant_validation (0.000 sec)
2026-08-10 17:29:22 | INFO     | rules.base | Running rule: name_validation (2.0.0)
2026-08-10 17:29:22 | INFO     | rules.base | Finished rule: name_validation (0.013 sec)
2026-08-10 17:29:22 | INFO     | rules.base | Running rule: phone_validation (2.0.0)
2026-08-10 17:29:22 | INFO     | rules.base | Finished rule: phone_validation (0.013 sec)
2026-08-10 17:29:22 | INFO     | rules.base | Running rule: pii_validation (2.0.0)
2026-08-10 17:29:22 | INFO     | rules.base | Finished rule: pii_validation (0.024 sec)
2026-08-10 17:29:22 | INFO     | rules.base | Running rule: schema_validation (2.0.0)
2026-08-10 17:29:22 | INFO     | rules.base | Finished rule: schema_validation (0.000 sec)
2026-08-10 17:29:22 | INFO     | rules.base | Running rule: website_validation (2.0.0)
2026-08-10 17:29:22 | INFO     | rules.base | Finished rule: website_validation (0.025 sec)
2026-08-10 17:29:22 | INFO     | rules.base | Running rule: zip_validation (2.0.0)
2026-08-10 17:29:22 | INFO     | rules.base | Finished rule: zip_validation (0.009 sec)
2026-08-10 17:29:22 | INFO     | rules.executor | Finished executing 10 rules.
2026-08-10 17:29:22 | INFO     | validation.policies | Validation finished.
2026-08-10 17:29:22 | INFO     | validation.engine | Validation finished.
2026-08-10 18:17:03 | INFO     | rules.loader | Loading validation rules...
2026-08-10 18:17:03 | INFO     | rules.loader | Loaded rule: EmailValidationRule
2026-08-10 18:17:03 | INFO     | rules.loader | Loaded rule: PhoneValidationRule
2026-08-10 18:17:03 | INFO     | rules.loader | Loaded rule: WebsiteValidationRule
2026-08-10 18:17:03 | INFO     | rules.loader | Loaded rule: ZipValidationRule
2026-08-10 18:17:03 | INFO     | rules.loader | Loaded rule: NameValidationRule
2026-08-10 18:17:03 | INFO     | rules.loader | Loaded rule: DateValidationRule
2026-08-10 18:17:03 | INFO     | rules.loader | Loaded rule: DuplicateValidationRule
2026-08-10 18:17:03 | INFO     | rules.loader | Loaded rule: SchemaValidationRule
2026-08-10 18:17:03 | INFO     | rules.loader | Loaded rule: InvariantValidationRule
2026-08-10 18:17:03 | INFO     | rules.loader | Loaded rule: PIIValidationRule
2026-08-10 18:17:03 | INFO     | rules.loader | Successfully loaded 10 rule(s).
2026-08-10 18:17:03 | INFO     | rules.loader | Loading validation rules...
2026-08-10 18:17:03 | INFO     | rules.loader | Loaded rule: EmailValidationRule
2026-08-10 18:17:03 | INFO     | rules.loader | Loaded rule: PhoneValidationRule
2026-08-10 18:17:03 | INFO     | rules.loader | Loaded rule: WebsiteValidationRule
2026-08-10 18:17:03 | INFO     | rules.loader | Loaded rule: ZipValidationRule
2026-08-10 18:17:03 | INFO     | rules.loader | Loaded rule: NameValidationRule
2026-08-10 18:17:03 | INFO     | rules.loader | Loaded rule: DateValidationRule
2026-08-10 18:17:03 | INFO     | rules.loader | Loaded rule: DuplicateValidationRule
2026-08-10 18:17:03 | INFO     | rules.loader | Loaded rule: SchemaValidationRule
2026-08-10 18:17:03 | INFO     | rules.loader | Loaded rule: InvariantValidationRule
2026-08-10 18:17:03 | INFO     | rules.loader | Loaded rule: PIIValidationRule
2026-08-10 18:17:03 | INFO     | rules.loader | Successfully loaded 10 rule(s).
2026-08-10 18:17:03 | INFO     | rules.loader | Loading validation rules...
2026-08-10 18:17:03 | INFO     | rules.loader | Loaded rule: EmailValidationRule
2026-08-10 18:17:03 | INFO     | rules.loader | Loaded rule: PhoneValidationRule
2026-08-10 18:17:03 | INFO     | rules.loader | Loaded rule: WebsiteValidationRule
2026-08-10 18:17:03 | INFO     | rules.loader | Loaded rule: ZipValidationRule
2026-08-10 18:17:03 | INFO     | rules.loader | Loaded rule: NameValidationRule
2026-08-10 18:17:03 | INFO     | rules.loader | Loaded rule: DateValidationRule
2026-08-10 18:17:03 | INFO     | rules.loader | Loaded rule: DuplicateValidationRule
2026-08-10 18:17:03 | INFO     | rules.loader | Loaded rule: SchemaValidationRule
2026-08-10 18:17:03 | INFO     | rules.loader | Loaded rule: InvariantValidationRule
2026-08-10 18:17:03 | INFO     | rules.loader | Loaded rule: PIIValidationRule
2026-08-10 18:17:03 | INFO     | rules.loader | Successfully loaded 10 rule(s).
2026-08-10 18:17:03 | INFO     | rules.loader | Loading validation rules...
2026-08-10 18:17:03 | INFO     | rules.loader | Loaded rule: EmailValidationRule
2026-08-10 18:17:03 | INFO     | rules.loader | Loaded rule: PhoneValidationRule
2026-08-10 18:17:03 | INFO     | rules.loader | Loaded rule: WebsiteValidationRule
2026-08-10 18:17:03 | INFO     | rules.loader | Loaded rule: ZipValidationRule
2026-08-10 18:17:03 | INFO     | rules.loader | Loaded rule: NameValidationRule
2026-08-10 18:17:03 | INFO     | rules.loader | Loaded rule: DateValidationRule
2026-08-10 18:17:03 | INFO     | rules.loader | Loaded rule: DuplicateValidationRule
2026-08-10 18:17:03 | INFO     | rules.loader | Loaded rule: SchemaValidationRule
2026-08-10 18:17:03 | INFO     | rules.loader | Loaded rule: InvariantValidationRule
2026-08-10 18:17:03 | INFO     | rules.loader | Loaded rule: PIIValidationRule
2026-08-10 18:17:03 | INFO     | rules.loader | Successfully loaded 10 rule(s).
2026-08-10 18:17:03 | INFO     | rules.loader | Loading validation rules...
2026-08-10 18:17:03 | INFO     | rules.loader | Loaded rule: EmailValidationRule
2026-08-10 18:17:03 | INFO     | rules.loader | Loaded rule: PhoneValidationRule
2026-08-10 18:17:03 | INFO     | rules.loader | Loaded rule: WebsiteValidationRule
2026-08-10 18:17:03 | INFO     | rules.loader | Loaded rule: ZipValidationRule
2026-08-10 18:17:03 | INFO     | rules.loader | Loaded rule: NameValidationRule
2026-08-10 18:17:03 | INFO     | rules.loader | Loaded rule: DateValidationRule
2026-08-10 18:17:03 | INFO     | rules.loader | Loaded rule: DuplicateValidationRule
2026-08-10 18:17:03 | INFO     | rules.loader | Loaded rule: SchemaValidationRule
2026-08-10 18:17:03 | INFO     | rules.loader | Loaded rule: InvariantValidationRule
2026-08-10 18:17:03 | INFO     | rules.loader | Loaded rule: PIIValidationRule
2026-08-10 18:17:03 | INFO     | rules.loader | Successfully loaded 10 rule(s).
2026-08-10 18:20:38 | INFO     | rules.loader | Loading validation rules...
2026-08-10 18:20:38 | INFO     | rules.loader | Loaded rule: EmailValidationRule
2026-08-10 18:20:38 | INFO     | rules.loader | Loaded rule: PhoneValidationRule
2026-08-10 18:20:38 | INFO     | rules.loader | Loaded rule: WebsiteValidationRule
2026-08-10 18:20:38 | INFO     | rules.loader | Loaded rule: ZipValidationRule
2026-08-10 18:20:38 | INFO     | rules.loader | Loaded rule: NameValidationRule
2026-08-10 18:20:38 | INFO     | rules.loader | Loaded rule: DateValidationRule
2026-08-10 18:20:38 | INFO     | rules.loader | Loaded rule: DuplicateValidationRule
2026-08-10 18:20:38 | INFO     | rules.loader | Loaded rule: SchemaValidationRule
2026-08-10 18:20:38 | INFO     | rules.loader | Loaded rule: InvariantValidationRule
2026-08-10 18:20:38 | INFO     | rules.loader | Loaded rule: PIIValidationRule
2026-08-10 18:20:38 | INFO     | rules.loader | Successfully loaded 10 rule(s).
2026-08-10 18:20:38 | INFO     | rules.loader | Loading validation rules...
2026-08-10 18:20:38 | INFO     | rules.loader | Loaded rule: EmailValidationRule
2026-08-10 18:20:38 | INFO     | rules.loader | Loaded rule: PhoneValidationRule
2026-08-10 18:20:38 | INFO     | rules.loader | Loaded rule: WebsiteValidationRule
2026-08-10 18:20:38 | INFO     | rules.loader | Loaded rule: ZipValidationRule
2026-08-10 18:20:38 | INFO     | rules.loader | Loaded rule: NameValidationRule
2026-08-10 18:20:38 | INFO     | rules.loader | Loaded rule: DateValidationRule
2026-08-10 18:20:38 | INFO     | rules.loader | Loaded rule: DuplicateValidationRule
2026-08-10 18:20:38 | INFO     | rules.loader | Loaded rule: SchemaValidationRule
2026-08-10 18:20:38 | INFO     | rules.loader | Loaded rule: InvariantValidationRule
2026-08-10 18:20:38 | INFO     | rules.loader | Loaded rule: PIIValidationRule
2026-08-10 18:20:38 | INFO     | rules.loader | Successfully loaded 10 rule(s).
2026-08-10 18:20:38 | INFO     | rules.loader | Loading validation rules...
2026-08-10 18:20:38 | INFO     | rules.loader | Loaded rule: EmailValidationRule
2026-08-10 18:20:38 | INFO     | rules.loader | Loaded rule: PhoneValidationRule
2026-08-10 18:20:38 | INFO     | rules.loader | Loaded rule: WebsiteValidationRule
2026-08-10 18:20:38 | INFO     | rules.loader | Loaded rule: ZipValidationRule
2026-08-10 18:20:38 | INFO     | rules.loader | Loaded rule: NameValidationRule
2026-08-10 18:20:38 | INFO     | rules.loader | Loaded rule: DateValidationRule
2026-08-10 18:20:38 | INFO     | rules.loader | Loaded rule: DuplicateValidationRule
2026-08-10 18:20:38 | INFO     | rules.loader | Loaded rule: SchemaValidationRule
2026-08-10 18:20:38 | INFO     | rules.loader | Loaded rule: InvariantValidationRule
2026-08-10 18:20:38 | INFO     | rules.loader | Loaded rule: PIIValidationRule
2026-08-10 18:20:38 | INFO     | rules.loader | Successfully loaded 10 rule(s).
2026-08-10 18:20:38 | INFO     | rules.loader | Loading validation rules...
2026-08-10 18:20:38 | INFO     | rules.loader | Loaded rule: EmailValidationRule
2026-08-10 18:20:38 | INFO     | rules.loader | Loaded rule: PhoneValidationRule
2026-08-10 18:20:38 | INFO     | rules.loader | Loaded rule: WebsiteValidationRule
2026-08-10 18:20:38 | INFO     | rules.loader | Loaded rule: ZipValidationRule
2026-08-10 18:20:38 | INFO     | rules.loader | Loaded rule: NameValidationRule
2026-08-10 18:20:38 | INFO     | rules.loader | Loaded rule: DateValidationRule
2026-08-10 18:20:38 | INFO     | rules.loader | Loaded rule: DuplicateValidationRule
2026-08-10 18:20:38 | INFO     | rules.loader | Loaded rule: SchemaValidationRule
2026-08-10 18:20:38 | INFO     | rules.loader | Loaded rule: InvariantValidationRule
2026-08-10 18:20:38 | INFO     | rules.loader | Loaded rule: PIIValidationRule
2026-08-10 18:20:38 | INFO     | rules.loader | Successfully loaded 10 rule(s).
2026-08-10 18:20:38 | INFO     | rules.loader | Loading validation rules...
2026-08-10 18:20:38 | INFO     | rules.loader | Loaded rule: EmailValidationRule
2026-08-10 18:20:38 | INFO     | rules.loader | Loaded rule: PhoneValidationRule
2026-08-10 18:20:38 | INFO     | rules.loader | Loaded rule: WebsiteValidationRule
2026-08-10 18:20:38 | INFO     | rules.loader | Loaded rule: ZipValidationRule
2026-08-10 18:20:38 | INFO     | rules.loader | Loaded rule: NameValidationRule
2026-08-10 18:20:38 | INFO     | rules.loader | Loaded rule: DateValidationRule
2026-08-10 18:20:38 | INFO     | rules.loader | Loaded rule: DuplicateValidationRule
2026-08-10 18:20:38 | INFO     | rules.loader | Loaded rule: SchemaValidationRule
2026-08-10 18:20:38 | INFO     | rules.loader | Loaded rule: InvariantValidationRule
2026-08-10 18:20:38 | INFO     | rules.loader | Loaded rule: PIIValidationRule
2026-08-10 18:20:38 | INFO     | rules.loader | Successfully loaded 10 rule(s).
2026-08-10 18:21:41 | INFO     | rules.loader | Loading validation rules...
2026-08-10 18:21:41 | INFO     | rules.loader | Loaded rule: EmailValidationRule
2026-08-10 18:21:41 | INFO     | rules.loader | Loaded rule: PhoneValidationRule
2026-08-10 18:21:41 | INFO     | rules.loader | Loaded rule: WebsiteValidationRule
2026-08-10 18:21:41 | INFO     | rules.loader | Loaded rule: ZipValidationRule
2026-08-10 18:21:41 | INFO     | rules.loader | Loaded rule: NameValidationRule
2026-08-10 18:21:41 | INFO     | rules.loader | Loaded rule: DateValidationRule
2026-08-10 18:21:41 | INFO     | rules.loader | Loaded rule: DuplicateValidationRule
2026-08-10 18:21:41 | INFO     | rules.loader | Loaded rule: SchemaValidationRule
2026-08-10 18:21:41 | INFO     | rules.loader | Loaded rule: InvariantValidationRule
2026-08-10 18:21:41 | INFO     | rules.loader | Loaded rule: PIIValidationRule
2026-08-10 18:21:41 | INFO     | rules.loader | Successfully loaded 10 rule(s).
2026-08-10 18:21:41 | INFO     | rules.loader | Loading validation rules...
2026-08-10 18:21:41 | INFO     | rules.loader | Loaded rule: EmailValidationRule
2026-08-10 18:21:41 | INFO     | rules.loader | Loaded rule: PhoneValidationRule
2026-08-10 18:21:41 | INFO     | rules.loader | Loaded rule: WebsiteValidationRule
2026-08-10 18:21:41 | INFO     | rules.loader | Loaded rule: ZipValidationRule
2026-08-10 18:21:41 | INFO     | rules.loader | Loaded rule: NameValidationRule
2026-08-10 18:21:41 | INFO     | rules.loader | Loaded rule: DateValidationRule
2026-08-10 18:21:41 | INFO     | rules.loader | Loaded rule: DuplicateValidationRule
2026-08-10 18:21:41 | INFO     | rules.loader | Loaded rule: SchemaValidationRule
2026-08-10 18:21:41 | INFO     | rules.loader | Loaded rule: InvariantValidationRule
2026-08-10 18:21:41 | INFO     | rules.loader | Loaded rule: PIIValidationRule
2026-08-10 18:21:41 | INFO     | rules.loader | Successfully loaded 10 rule(s).
2026-08-10 18:21:41 | INFO     | rules.loader | Loading validation rules...
2026-08-10 18:21:41 | INFO     | rules.loader | Loaded rule: EmailValidationRule
2026-08-10 18:21:41 | INFO     | rules.loader | Loaded rule: PhoneValidationRule
2026-08-10 18:21:41 | INFO     | rules.loader | Loaded rule: WebsiteValidationRule
2026-08-10 18:21:41 | INFO     | rules.loader | Loaded rule: ZipValidationRule
2026-08-10 18:21:41 | INFO     | rules.loader | Loaded rule: NameValidationRule
2026-08-10 18:21:41 | INFO     | rules.loader | Loaded rule: DateValidationRule
2026-08-10 18:21:41 | INFO     | rules.loader | Loaded rule: DuplicateValidationRule
2026-08-10 18:21:41 | INFO     | rules.loader | Loaded rule: SchemaValidationRule
2026-08-10 18:21:41 | INFO     | rules.loader | Loaded rule: InvariantValidationRule
2026-08-10 18:21:41 | INFO     | rules.loader | Loaded rule: PIIValidationRule
2026-08-10 18:21:41 | INFO     | rules.loader | Successfully loaded 10 rule(s).
2026-08-10 18:21:41 | INFO     | rules.loader | Loading validation rules...
2026-08-10 18:21:41 | INFO     | rules.loader | Loaded rule: EmailValidationRule
2026-08-10 18:21:41 | INFO     | rules.loader | Loaded rule: PhoneValidationRule
2026-08-10 18:21:41 | INFO     | rules.loader | Loaded rule: WebsiteValidationRule
2026-08-10 18:21:41 | INFO     | rules.loader | Loaded rule: ZipValidationRule
2026-08-10 18:21:41 | INFO     | rules.loader | Loaded rule: NameValidationRule
2026-08-10 18:21:41 | INFO     | rules.loader | Loaded rule: DateValidationRule
2026-08-10 18:21:41 | INFO     | rules.loader | Loaded rule: DuplicateValidationRule
2026-08-10 18:21:41 | INFO     | rules.loader | Loaded rule: SchemaValidationRule
2026-08-10 18:21:41 | INFO     | rules.loader | Loaded rule: InvariantValidationRule
2026-08-10 18:21:41 | INFO     | rules.loader | Loaded rule: PIIValidationRule
2026-08-10 18:21:41 | INFO     | rules.loader | Successfully loaded 10 rule(s).
2026-08-10 18:21:41 | INFO     | rules.loader | Loading validation rules...
2026-08-10 18:21:41 | INFO     | rules.loader | Loaded rule: EmailValidationRule
2026-08-10 18:21:41 | INFO     | rules.loader | Loaded rule: PhoneValidationRule
2026-08-10 18:21:41 | INFO     | rules.loader | Loaded rule: WebsiteValidationRule
2026-08-10 18:21:41 | INFO     | rules.loader | Loaded rule: ZipValidationRule
2026-08-10 18:21:41 | INFO     | rules.loader | Loaded rule: NameValidationRule
2026-08-10 18:21:41 | INFO     | rules.loader | Loaded rule: DateValidationRule
2026-08-10 18:21:41 | INFO     | rules.loader | Loaded rule: DuplicateValidationRule
2026-08-10 18:21:41 | INFO     | rules.loader | Loaded rule: SchemaValidationRule
2026-08-10 18:21:41 | INFO     | rules.loader | Loaded rule: InvariantValidationRule
2026-08-10 18:21:41 | INFO     | rules.loader | Loaded rule: PIIValidationRule
2026-08-10 18:21:41 | INFO     | rules.loader | Successfully loaded 10 rule(s).
2026-08-10 18:23:37 | INFO     | extract.csv_reader | Reading CSV file: sample_data\customers.csv
2026-08-10 18:23:37 | INFO     | extract.csv_reader | Loaded 10000 rows and 7 columns.
2026-08-10 18:23:38 | INFO     | rules.loader | Loading validation rules...
2026-08-10 18:23:38 | INFO     | rules.loader | Loaded rule: EmailValidationRule
2026-08-10 18:23:38 | INFO     | rules.loader | Loaded rule: PhoneValidationRule
2026-08-10 18:23:38 | INFO     | rules.loader | Loaded rule: WebsiteValidationRule
2026-08-10 18:23:38 | INFO     | rules.loader | Loaded rule: ZipValidationRule
2026-08-10 18:23:38 | INFO     | rules.loader | Loaded rule: NameValidationRule
2026-08-10 18:23:38 | INFO     | rules.loader | Loaded rule: DateValidationRule
2026-08-10 18:23:38 | INFO     | rules.loader | Loaded rule: DuplicateValidationRule
2026-08-10 18:23:38 | INFO     | rules.loader | Loaded rule: SchemaValidationRule
2026-08-10 18:23:38 | INFO     | rules.loader | Loaded rule: InvariantValidationRule
2026-08-10 18:23:38 | INFO     | rules.loader | Loaded rule: PIIValidationRule
2026-08-10 18:23:38 | INFO     | rules.loader | Successfully loaded 10 rule(s).
2026-08-10 18:23:38 | INFO     | validation.validator | Running validation.
2026-08-10 18:23:38 | INFO     | validation.engine | Validation started.
2026-08-10 18:23:38 | INFO     | validation.policies | Validation started.
2026-08-10 18:23:38 | INFO     | rules.executor | Starting rule execution.
2026-08-10 18:23:38 | INFO     | rules.base | Running rule: date_validation (2.0.0)
2026-08-10 18:23:38 | INFO     | rules.base | Finished rule: date_validation (0.073 sec)
2026-08-10 18:23:38 | INFO     | rules.base | Running rule: duplicate_validation (2.0.0)
2026-08-10 18:23:38 | INFO     | rules.base | Finished rule: duplicate_validation (0.016 sec)
2026-08-10 18:23:38 | INFO     | rules.base | Running rule: email_validation (2.0.0)
2026-08-10 18:23:38 | INFO     | rules.base | Finished rule: email_validation (0.041 sec)
2026-08-10 18:23:38 | INFO     | rules.base | Running rule: invariant_validation (2.0.0)
2026-08-10 18:23:38 | INFO     | rules.base | Finished rule: invariant_validation (0.000 sec)
2026-08-10 18:23:38 | INFO     | rules.base | Running rule: name_validation (2.0.0)
2026-08-10 18:23:38 | INFO     | rules.base | Finished rule: name_validation (0.034 sec)
2026-08-10 18:23:38 | INFO     | rules.base | Running rule: phone_validation (2.0.0)
2026-08-10 18:23:38 | INFO     | rules.base | Finished rule: phone_validation (0.037 sec)
2026-08-10 18:23:38 | INFO     | rules.base | Running rule: pii_validation (2.0.0)
2026-08-10 18:23:38 | INFO     | rules.base | Finished rule: pii_validation (0.082 sec)
2026-08-10 18:23:38 | INFO     | rules.base | Running rule: schema_validation (2.0.0)
2026-08-10 18:23:38 | INFO     | rules.base | Finished rule: schema_validation (0.000 sec)
2026-08-10 18:23:38 | INFO     | rules.base | Running rule: website_validation (2.0.0)
2026-08-10 18:23:38 | INFO     | rules.base | Finished rule: website_validation (0.082 sec)
2026-08-10 18:23:38 | INFO     | rules.base | Running rule: zip_validation (2.0.0)
2026-08-10 18:23:38 | INFO     | rules.base | Finished rule: zip_validation (0.040 sec)
2026-08-10 18:23:38 | INFO     | rules.executor | Finished executing 10 rules.
2026-08-10 18:23:38 | INFO     | validation.policies | Validation finished.
2026-08-10 18:23:38 | INFO     | validation.engine | Validation finished.
2026-08-11 10:40:25 | INFO     | rules.loader | Loading validation rules...
2026-08-11 10:40:25 | INFO     | rules.loader | Loaded rule: EmailValidationRule
2026-08-11 10:40:25 | INFO     | rules.loader | Loaded rule: PhoneValidationRule
2026-08-11 10:40:25 | INFO     | rules.loader | Loaded rule: WebsiteValidationRule
2026-08-11 10:40:25 | INFO     | rules.loader | Loaded rule: ZipValidationRule
2026-08-11 10:40:25 | INFO     | rules.loader | Loaded rule: NameValidationRule
2026-08-11 10:40:25 | INFO     | rules.loader | Loaded rule: DateValidationRule
2026-08-11 10:40:25 | INFO     | rules.loader | Loaded rule: DuplicateValidationRule
2026-08-11 10:40:25 | INFO     | rules.loader | Loaded rule: SchemaValidationRule
2026-08-11 10:40:25 | INFO     | rules.loader | Loaded rule: InvariantValidationRule
2026-08-11 10:40:25 | INFO     | rules.loader | Loaded rule: PIIValidationRule
2026-08-11 10:40:25 | INFO     | rules.loader | Successfully loaded 10 rule(s).
2026-08-11 10:40:25 | INFO     | rules.loader | Loading validation rules...
2026-08-11 10:40:25 | INFO     | rules.loader | Loaded rule: EmailValidationRule
2026-08-11 10:40:25 | INFO     | rules.loader | Loaded rule: PhoneValidationRule
2026-08-11 10:40:25 | INFO     | rules.loader | Loaded rule: WebsiteValidationRule
2026-08-11 10:40:25 | INFO     | rules.loader | Loaded rule: ZipValidationRule
2026-08-11 10:40:25 | INFO     | rules.loader | Loaded rule: NameValidationRule
2026-08-11 10:40:25 | INFO     | rules.loader | Loaded rule: DateValidationRule
2026-08-11 10:40:25 | INFO     | rules.loader | Loaded rule: DuplicateValidationRule
2026-08-11 10:40:25 | INFO     | rules.loader | Loaded rule: SchemaValidationRule
2026-08-11 10:40:25 | INFO     | rules.loader | Loaded rule: InvariantValidationRule
2026-08-11 10:40:25 | INFO     | rules.loader | Loaded rule: PIIValidationRule
2026-08-11 10:40:25 | INFO     | rules.loader | Successfully loaded 10 rule(s).
2026-08-11 10:40:25 | INFO     | rules.loader | Loading validation rules...
2026-08-11 10:40:25 | INFO     | rules.loader | Loaded rule: EmailValidationRule
2026-08-11 10:40:25 | INFO     | rules.loader | Loaded rule: PhoneValidationRule
2026-08-11 10:40:25 | INFO     | rules.loader | Loaded rule: WebsiteValidationRule
2026-08-11 10:40:25 | INFO     | rules.loader | Loaded rule: ZipValidationRule
2026-08-11 10:40:25 | INFO     | rules.loader | Loaded rule: NameValidationRule
2026-08-11 10:40:25 | INFO     | rules.loader | Loaded rule: DateValidationRule
2026-08-11 10:40:25 | INFO     | rules.loader | Loaded rule: DuplicateValidationRule
2026-08-11 10:40:25 | INFO     | rules.loader | Loaded rule: SchemaValidationRule
2026-08-11 10:40:25 | INFO     | rules.loader | Loaded rule: InvariantValidationRule
2026-08-11 10:40:25 | INFO     | rules.loader | Loaded rule: PIIValidationRule
2026-08-11 10:40:25 | INFO     | rules.loader | Successfully loaded 10 rule(s).
2026-08-11 10:40:25 | INFO     | rules.loader | Loading validation rules...
2026-08-11 10:40:25 | INFO     | rules.loader | Loaded rule: EmailValidationRule
2026-08-11 10:40:25 | INFO     | rules.loader | Loaded rule: PhoneValidationRule
2026-08-11 10:40:25 | INFO     | rules.loader | Loaded rule: WebsiteValidationRule
2026-08-11 10:40:25 | INFO     | rules.loader | Loaded rule: ZipValidationRule
2026-08-11 10:40:25 | INFO     | rules.loader | Loaded rule: NameValidationRule
2026-08-11 10:40:25 | INFO     | rules.loader | Loaded rule: DateValidationRule
2026-08-11 10:40:25 | INFO     | rules.loader | Loaded rule: DuplicateValidationRule
2026-08-11 10:40:25 | INFO     | rules.loader | Loaded rule: SchemaValidationRule
2026-08-11 10:40:25 | INFO     | rules.loader | Loaded rule: InvariantValidationRule
2026-08-11 10:40:25 | INFO     | rules.loader | Loaded rule: PIIValidationRule
2026-08-11 10:40:25 | INFO     | rules.loader | Successfully loaded 10 rule(s).
2026-08-11 10:40:25 | INFO     | rules.loader | Loading validation rules...
2026-08-11 10:40:25 | INFO     | rules.loader | Loaded rule: EmailValidationRule
2026-08-11 10:40:25 | INFO     | rules.loader | Loaded rule: PhoneValidationRule
2026-08-11 10:40:25 | INFO     | rules.loader | Loaded rule: WebsiteValidationRule
2026-08-11 10:40:25 | INFO     | rules.loader | Loaded rule: ZipValidationRule
2026-08-11 10:40:25 | INFO     | rules.loader | Loaded rule: NameValidationRule
2026-08-11 10:40:25 | INFO     | rules.loader | Loaded rule: DateValidationRule
2026-08-11 10:40:25 | INFO     | rules.loader | Loaded rule: DuplicateValidationRule
2026-08-11 10:40:25 | INFO     | rules.loader | Loaded rule: SchemaValidationRule
2026-08-11 10:40:25 | INFO     | rules.loader | Loaded rule: InvariantValidationRule
2026-08-11 10:40:25 | INFO     | rules.loader | Loaded rule: PIIValidationRule
2026-08-11 10:40:25 | INFO     | rules.loader | Successfully loaded 10 rule(s).
2026-08-11 11:12:27 | INFO     | rules.loader | Loading validation rules...
2026-08-11 11:12:28 | INFO     | rules.loader | Loaded rule: EmailValidationRule
2026-08-11 11:12:28 | INFO     | rules.loader | Loaded rule: PhoneValidationRule
2026-08-11 11:12:28 | INFO     | rules.loader | Loaded rule: WebsiteValidationRule
2026-08-11 11:12:28 | INFO     | rules.loader | Loaded rule: ZipValidationRule
2026-08-11 11:12:28 | INFO     | rules.loader | Loaded rule: NameValidationRule
2026-08-11 11:12:28 | INFO     | rules.loader | Loaded rule: DateValidationRule
2026-08-11 11:12:28 | INFO     | rules.loader | Loaded rule: DuplicateValidationRule
2026-08-11 11:12:28 | INFO     | rules.loader | Loaded rule: SchemaValidationRule
2026-08-11 11:12:28 | INFO     | rules.loader | Loaded rule: InvariantValidationRule
2026-08-11 11:12:28 | INFO     | rules.loader | Loaded rule: PIIValidationRule
2026-08-11 11:12:28 | INFO     | rules.loader | Successfully loaded 10 rule(s).
2026-08-11 11:12:28 | INFO     | rules.loader | Loading validation rules...
2026-08-11 11:12:28 | INFO     | rules.loader | Loaded rule: EmailValidationRule
2026-08-11 11:12:28 | INFO     | rules.loader | Loaded rule: PhoneValidationRule
2026-08-11 11:12:28 | INFO     | rules.loader | Loaded rule: WebsiteValidationRule
2026-08-11 11:12:28 | INFO     | rules.loader | Loaded rule: ZipValidationRule
2026-08-11 11:12:28 | INFO     | rules.loader | Loaded rule: NameValidationRule
2026-08-11 11:12:28 | INFO     | rules.loader | Loaded rule: DateValidationRule
2026-08-11 11:12:28 | INFO     | rules.loader | Loaded rule: DuplicateValidationRule
2026-08-11 11:12:28 | INFO     | rules.loader | Loaded rule: SchemaValidationRule
2026-08-11 11:12:28 | INFO     | rules.loader | Loaded rule: InvariantValidationRule
2026-08-11 11:12:28 | INFO     | rules.loader | Loaded rule: PIIValidationRule
2026-08-11 11:12:28 | INFO     | rules.loader | Successfully loaded 10 rule(s).
2026-08-11 11:12:28 | INFO     | rules.loader | Loading validation rules...
2026-08-11 11:12:28 | INFO     | rules.loader | Loaded rule: EmailValidationRule
2026-08-11 11:12:28 | INFO     | rules.loader | Loaded rule: PhoneValidationRule
2026-08-11 11:12:28 | INFO     | rules.loader | Loaded rule: WebsiteValidationRule
2026-08-11 11:12:28 | INFO     | rules.loader | Loaded rule: ZipValidationRule
2026-08-11 11:12:28 | INFO     | rules.loader | Loaded rule: NameValidationRule
2026-08-11 11:12:28 | INFO     | rules.loader | Loaded rule: DateValidationRule
2026-08-11 11:12:28 | INFO     | rules.loader | Loaded rule: DuplicateValidationRule
2026-08-11 11:12:28 | INFO     | rules.loader | Loaded rule: SchemaValidationRule
2026-08-11 11:12:28 | INFO     | rules.loader | Loaded rule: InvariantValidationRule
2026-08-11 11:12:28 | INFO     | rules.loader | Loaded rule: PIIValidationRule
2026-08-11 11:12:28 | INFO     | rules.loader | Successfully loaded 10 rule(s).
2026-08-11 11:12:28 | INFO     | rules.loader | Loading validation rules...
2026-08-11 11:12:28 | INFO     | rules.loader | Loaded rule: EmailValidationRule
2026-08-11 11:12:28 | INFO     | rules.loader | Loaded rule: PhoneValidationRule
2026-08-11 11:12:28 | INFO     | rules.loader | Loaded rule: WebsiteValidationRule
2026-08-11 11:12:28 | INFO     | rules.loader | Loaded rule: ZipValidationRule
2026-08-11 11:12:28 | INFO     | rules.loader | Loaded rule: NameValidationRule
2026-08-11 11:12:28 | INFO     | rules.loader | Loaded rule: DateValidationRule
2026-08-11 11:12:28 | INFO     | rules.loader | Loaded rule: DuplicateValidationRule
2026-08-11 11:12:28 | INFO     | rules.loader | Loaded rule: SchemaValidationRule
2026-08-11 11:12:28 | INFO     | rules.loader | Loaded rule: InvariantValidationRule
2026-08-11 11:12:28 | INFO     | rules.loader | Loaded rule: PIIValidationRule
2026-08-11 11:12:28 | INFO     | rules.loader | Successfully loaded 10 rule(s).
2026-08-11 11:12:28 | INFO     | rules.loader | Loading validation rules...
2026-08-11 11:12:28 | INFO     | rules.loader | Loaded rule: EmailValidationRule
2026-08-11 11:12:28 | INFO     | rules.loader | Loaded rule: PhoneValidationRule
2026-08-11 11:12:28 | INFO     | rules.loader | Loaded rule: WebsiteValidationRule
2026-08-11 11:12:28 | INFO     | rules.loader | Loaded rule: ZipValidationRule
2026-08-11 11:12:28 | INFO     | rules.loader | Loaded rule: NameValidationRule
2026-08-11 11:12:28 | INFO     | rules.loader | Loaded rule: DateValidationRule
2026-08-11 11:12:28 | INFO     | rules.loader | Loaded rule: DuplicateValidationRule
2026-08-11 11:12:28 | INFO     | rules.loader | Loaded rule: SchemaValidationRule
2026-08-11 11:12:28 | INFO     | rules.loader | Loaded rule: InvariantValidationRule
2026-08-11 11:12:28 | INFO     | rules.loader | Loaded rule: PIIValidationRule
2026-08-11 11:12:28 | INFO     | rules.loader | Successfully loaded 10 rule(s).
2026-08-11 11:21:39 | INFO     | rules.loader | Loading validation rules...
2026-08-11 11:21:39 | INFO     | rules.loader | Loaded rule: EmailValidationRule
2026-08-11 11:21:39 | INFO     | rules.loader | Loaded rule: PhoneValidationRule
2026-08-11 11:21:39 | INFO     | rules.loader | Loaded rule: WebsiteValidationRule
2026-08-11 11:21:39 | INFO     | rules.loader | Loaded rule: ZipValidationRule
2026-08-11 11:21:39 | INFO     | rules.loader | Loaded rule: NameValidationRule
2026-08-11 11:21:39 | INFO     | rules.loader | Loaded rule: DateValidationRule
2026-08-11 11:21:39 | INFO     | rules.loader | Loaded rule: DuplicateValidationRule
2026-08-11 11:21:39 | INFO     | rules.loader | Loaded rule: SchemaValidationRule
2026-08-11 11:21:39 | INFO     | rules.loader | Loaded rule: InvariantValidationRule
2026-08-11 11:21:39 | INFO     | rules.loader | Loaded rule: PIIValidationRule
2026-08-11 11:21:39 | INFO     | rules.loader | Successfully loaded 10 rule(s).
2026-08-11 11:21:39 | INFO     | rules.loader | Loading validation rules...
2026-08-11 11:21:39 | INFO     | rules.loader | Loaded rule: EmailValidationRule
2026-08-11 11:21:39 | INFO     | rules.loader | Loaded rule: PhoneValidationRule
2026-08-11 11:21:39 | INFO     | rules.loader | Loaded rule: WebsiteValidationRule
2026-08-11 11:21:39 | INFO     | rules.loader | Loaded rule: ZipValidationRule
2026-08-11 11:21:39 | INFO     | rules.loader | Loaded rule: NameValidationRule
2026-08-11 11:21:39 | INFO     | rules.loader | Loaded rule: DateValidationRule
2026-08-11 11:21:39 | INFO     | rules.loader | Loaded rule: DuplicateValidationRule
2026-08-11 11:21:39 | INFO     | rules.loader | Loaded rule: SchemaValidationRule
2026-08-11 11:21:39 | INFO     | rules.loader | Loaded rule: InvariantValidationRule
2026-08-11 11:21:39 | INFO     | rules.loader | Loaded rule: PIIValidationRule
2026-08-11 11:21:39 | INFO     | rules.loader | Successfully loaded 10 rule(s).
2026-08-11 11:21:39 | INFO     | rules.loader | Loading validation rules...
2026-08-11 11:21:39 | INFO     | rules.loader | Loaded rule: EmailValidationRule
2026-08-11 11:21:39 | INFO     | rules.loader | Loaded rule: PhoneValidationRule
2026-08-11 11:21:39 | INFO     | rules.loader | Loaded rule: WebsiteValidationRule
2026-08-11 11:21:39 | INFO     | rules.loader | Loaded rule: ZipValidationRule
2026-08-11 11:21:39 | INFO     | rules.loader | Loaded rule: NameValidationRule
2026-08-11 11:21:39 | INFO     | rules.loader | Loaded rule: DateValidationRule
2026-08-11 11:21:39 | INFO     | rules.loader | Loaded rule: DuplicateValidationRule
2026-08-11 11:21:39 | INFO     | rules.loader | Loaded rule: SchemaValidationRule
2026-08-11 11:21:39 | INFO     | rules.loader | Loaded rule: InvariantValidationRule
2026-08-11 11:21:39 | INFO     | rules.loader | Loaded rule: PIIValidationRule
2026-08-11 11:21:39 | INFO     | rules.loader | Successfully loaded 10 rule(s).
2026-08-11 11:21:39 | INFO     | rules.loader | Loading validation rules...
2026-08-11 11:21:39 | INFO     | rules.loader | Loaded rule: EmailValidationRule
2026-08-11 11:21:39 | INFO     | rules.loader | Loaded rule: PhoneValidationRule
2026-08-11 11:21:39 | INFO     | rules.loader | Loaded rule: WebsiteValidationRule
2026-08-11 11:21:39 | INFO     | rules.loader | Loaded rule: ZipValidationRule
2026-08-11 11:21:39 | INFO     | rules.loader | Loaded rule: NameValidationRule
2026-08-11 11:21:39 | INFO     | rules.loader | Loaded rule: DateValidationRule
2026-08-11 11:21:39 | INFO     | rules.loader | Loaded rule: DuplicateValidationRule
2026-08-11 11:21:39 | INFO     | rules.loader | Loaded rule: SchemaValidationRule
2026-08-11 11:21:39 | INFO     | rules.loader | Loaded rule: InvariantValidationRule
2026-08-11 11:21:39 | INFO     | rules.loader | Loaded rule: PIIValidationRule
2026-08-11 11:21:39 | INFO     | rules.loader | Successfully loaded 10 rule(s).
2026-08-11 11:21:39 | INFO     | rules.loader | Loading validation rules...
2026-08-11 11:21:39 | INFO     | rules.loader | Loaded rule: EmailValidationRule
2026-08-11 11:21:39 | INFO     | rules.loader | Loaded rule: PhoneValidationRule
2026-08-11 11:21:39 | INFO     | rules.loader | Loaded rule: WebsiteValidationRule
2026-08-11 11:21:39 | INFO     | rules.loader | Loaded rule: ZipValidationRule
2026-08-11 11:21:39 | INFO     | rules.loader | Loaded rule: NameValidationRule
2026-08-11 11:21:39 | INFO     | rules.loader | Loaded rule: DateValidationRule
2026-08-11 11:21:39 | INFO     | rules.loader | Loaded rule: DuplicateValidationRule
2026-08-11 11:21:39 | INFO     | rules.loader | Loaded rule: SchemaValidationRule
2026-08-11 11:21:39 | INFO     | rules.loader | Loaded rule: InvariantValidationRule
2026-08-11 11:21:39 | INFO     | rules.loader | Loaded rule: PIIValidationRule
2026-08-11 11:21:39 | INFO     | rules.loader | Successfully loaded 10 rule(s).
2026-08-11 11:23:23 | INFO     | rules.loader | Loading validation rules...
2026-08-11 11:23:23 | INFO     | rules.loader | Loaded rule: EmailValidationRule
2026-08-11 11:23:23 | INFO     | rules.loader | Loaded rule: PhoneValidationRule
2026-08-11 11:23:23 | INFO     | rules.loader | Loaded rule: WebsiteValidationRule
2026-08-11 11:23:23 | INFO     | rules.loader | Loaded rule: ZipValidationRule
2026-08-11 11:23:23 | INFO     | rules.loader | Loaded rule: NameValidationRule
2026-08-11 11:23:23 | INFO     | rules.loader | Loaded rule: DateValidationRule
2026-08-11 11:23:23 | INFO     | rules.loader | Loaded rule: DuplicateValidationRule
2026-08-11 11:23:23 | INFO     | rules.loader | Loaded rule: SchemaValidationRule
2026-08-11 11:23:23 | INFO     | rules.loader | Loaded rule: InvariantValidationRule
2026-08-11 11:23:23 | INFO     | rules.loader | Loaded rule: PIIValidationRule
2026-08-11 11:23:23 | INFO     | rules.loader | Successfully loaded 10 rule(s).
2026-08-11 11:23:23 | INFO     | rules.loader | Loading validation rules...
2026-08-11 11:23:23 | INFO     | rules.loader | Loaded rule: EmailValidationRule
2026-08-11 11:23:23 | INFO     | rules.loader | Loaded rule: PhoneValidationRule
2026-08-11 11:23:23 | INFO     | rules.loader | Loaded rule: WebsiteValidationRule
2026-08-11 11:23:23 | INFO     | rules.loader | Loaded rule: ZipValidationRule
2026-08-11 11:23:23 | INFO     | rules.loader | Loaded rule: NameValidationRule
2026-08-11 11:23:23 | INFO     | rules.loader | Loaded rule: DateValidationRule
2026-08-11 11:23:23 | INFO     | rules.loader | Loaded rule: DuplicateValidationRule
2026-08-11 11:23:23 | INFO     | rules.loader | Loaded rule: SchemaValidationRule
2026-08-11 11:23:23 | INFO     | rules.loader | Loaded rule: InvariantValidationRule
2026-08-11 11:23:23 | INFO     | rules.loader | Loaded rule: PIIValidationRule
2026-08-11 11:23:23 | INFO     | rules.loader | Successfully loaded 10 rule(s).
2026-08-11 11:23:23 | INFO     | rules.loader | Loading validation rules...
2026-08-11 11:23:23 | INFO     | rules.loader | Loaded rule: EmailValidationRule
2026-08-11 11:23:23 | INFO     | rules.loader | Loaded rule: PhoneValidationRule
2026-08-11 11:23:23 | INFO     | rules.loader | Loaded rule: WebsiteValidationRule
2026-08-11 11:23:23 | INFO     | rules.loader | Loaded rule: ZipValidationRule
2026-08-11 11:23:23 | INFO     | rules.loader | Loaded rule: NameValidationRule
2026-08-11 11:23:23 | INFO     | rules.loader | Loaded rule: DateValidationRule
2026-08-11 11:23:23 | INFO     | rules.loader | Loaded rule: DuplicateValidationRule
2026-08-11 11:23:23 | INFO     | rules.loader | Loaded rule: SchemaValidationRule
2026-08-11 11:23:23 | INFO     | rules.loader | Loaded rule: InvariantValidationRule
2026-08-11 11:23:23 | INFO     | rules.loader | Loaded rule: PIIValidationRule
2026-08-11 11:23:23 | INFO     | rules.loader | Successfully loaded 10 rule(s).
2026-08-11 11:23:23 | INFO     | rules.loader | Loading validation rules...
2026-08-11 11:23:23 | INFO     | rules.loader | Loaded rule: EmailValidationRule
2026-08-11 11:23:23 | INFO     | rules.loader | Loaded rule: PhoneValidationRule
2026-08-11 11:23:23 | INFO     | rules.loader | Loaded rule: WebsiteValidationRule
2026-08-11 11:23:23 | INFO     | rules.loader | Loaded rule: ZipValidationRule
2026-08-11 11:23:23 | INFO     | rules.loader | Loaded rule: NameValidationRule
2026-08-11 11:23:23 | INFO     | rules.loader | Loaded rule: DateValidationRule
2026-08-11 11:23:23 | INFO     | rules.loader | Loaded rule: DuplicateValidationRule
2026-08-11 11:23:23 | INFO     | rules.loader | Loaded rule: SchemaValidationRule
2026-08-11 11:23:23 | INFO     | rules.loader | Loaded rule: InvariantValidationRule
2026-08-11 11:23:23 | INFO     | rules.loader | Loaded rule: PIIValidationRule
2026-08-11 11:23:23 | INFO     | rules.loader | Successfully loaded 10 rule(s).
2026-08-11 11:23:23 | INFO     | rules.loader | Loading validation rules...
2026-08-11 11:23:23 | INFO     | rules.loader | Loaded rule: EmailValidationRule
2026-08-11 11:23:23 | INFO     | rules.loader | Loaded rule: PhoneValidationRule
2026-08-11 11:23:23 | INFO     | rules.loader | Loaded rule: WebsiteValidationRule
2026-08-11 11:23:23 | INFO     | rules.loader | Loaded rule: ZipValidationRule
2026-08-11 11:23:23 | INFO     | rules.loader | Loaded rule: NameValidationRule
2026-08-11 11:23:23 | INFO     | rules.loader | Loaded rule: DateValidationRule
2026-08-11 11:23:23 | INFO     | rules.loader | Loaded rule: DuplicateValidationRule
2026-08-11 11:23:23 | INFO     | rules.loader | Loaded rule: SchemaValidationRule
2026-08-11 11:23:23 | INFO     | rules.loader | Loaded rule: InvariantValidationRule
2026-08-11 11:23:23 | INFO     | rules.loader | Loaded rule: PIIValidationRule
2026-08-11 11:23:23 | INFO     | rules.loader | Successfully loaded 10 rule(s).
2026-08-11 11:33:33 | INFO     | rules.loader | Loading validation rules...
2026-08-11 11:33:33 | INFO     | rules.loader | Loaded rule: EmailValidationRule
2026-08-11 11:33:33 | INFO     | rules.loader | Loaded rule: PhoneValidationRule
2026-08-11 11:33:33 | INFO     | rules.loader | Loaded rule: WebsiteValidationRule
2026-08-11 11:33:33 | INFO     | rules.loader | Loaded rule: ZipValidationRule
2026-08-11 11:33:33 | INFO     | rules.loader | Loaded rule: NameValidationRule
2026-08-11 11:33:33 | INFO     | rules.loader | Loaded rule: DateValidationRule
2026-08-11 11:33:33 | INFO     | rules.loader | Loaded rule: DuplicateValidationRule
2026-08-11 11:33:33 | INFO     | rules.loader | Loaded rule: SchemaValidationRule
2026-08-11 11:33:33 | INFO     | rules.loader | Loaded rule: InvariantValidationRule
2026-08-11 11:33:33 | INFO     | rules.loader | Loaded rule: PIIValidationRule
2026-08-11 11:33:33 | INFO     | rules.loader | Successfully loaded 10 rule(s).
2026-08-11 11:33:33 | INFO     | rules.loader | Loading validation rules...
2026-08-11 11:33:33 | INFO     | rules.loader | Loaded rule: EmailValidationRule
2026-08-11 11:33:33 | INFO     | rules.loader | Loaded rule: PhoneValidationRule
2026-08-11 11:33:33 | INFO     | rules.loader | Loaded rule: WebsiteValidationRule
2026-08-11 11:33:33 | INFO     | rules.loader | Loaded rule: ZipValidationRule
2026-08-11 11:33:33 | INFO     | rules.loader | Loaded rule: NameValidationRule
2026-08-11 11:33:33 | INFO     | rules.loader | Loaded rule: DateValidationRule
2026-08-11 11:33:33 | INFO     | rules.loader | Loaded rule: DuplicateValidationRule
2026-08-11 11:33:33 | INFO     | rules.loader | Loaded rule: SchemaValidationRule
2026-08-11 11:33:33 | INFO     | rules.loader | Loaded rule: InvariantValidationRule
2026-08-11 11:33:33 | INFO     | rules.loader | Loaded rule: PIIValidationRule
2026-08-11 11:33:33 | INFO     | rules.loader | Successfully loaded 10 rule(s).
2026-08-11 11:33:33 | INFO     | rules.loader | Loading validation rules...
2026-08-11 11:33:33 | INFO     | rules.loader | Loaded rule: EmailValidationRule
2026-08-11 11:33:33 | INFO     | rules.loader | Loaded rule: PhoneValidationRule
2026-08-11 11:33:33 | INFO     | rules.loader | Loaded rule: WebsiteValidationRule
2026-08-11 11:33:33 | INFO     | rules.loader | Loaded rule: ZipValidationRule
2026-08-11 11:33:33 | INFO     | rules.loader | Loaded rule: NameValidationRule
2026-08-11 11:33:33 | INFO     | rules.loader | Loaded rule: DateValidationRule
2026-08-11 11:33:33 | INFO     | rules.loader | Loaded rule: DuplicateValidationRule
2026-08-11 11:33:33 | INFO     | rules.loader | Loaded rule: SchemaValidationRule
2026-08-11 11:33:33 | INFO     | rules.loader | Loaded rule: InvariantValidationRule
2026-08-11 11:33:33 | INFO     | rules.loader | Loaded rule: PIIValidationRule
2026-08-11 11:33:33 | INFO     | rules.loader | Successfully loaded 10 rule(s).
2026-08-11 11:33:33 | INFO     | rules.loader | Loading validation rules...
2026-08-11 11:33:33 | INFO     | rules.loader | Loaded rule: EmailValidationRule
2026-08-11 11:33:33 | INFO     | rules.loader | Loaded rule: PhoneValidationRule
2026-08-11 11:33:33 | INFO     | rules.loader | Loaded rule: WebsiteValidationRule
2026-08-11 11:33:33 | INFO     | rules.loader | Loaded rule: ZipValidationRule
2026-08-11 11:33:33 | INFO     | rules.loader | Loaded rule: NameValidationRule
2026-08-11 11:33:33 | INFO     | rules.loader | Loaded rule: DateValidationRule
2026-08-11 11:33:33 | INFO     | rules.loader | Loaded rule: DuplicateValidationRule
2026-08-11 11:33:33 | INFO     | rules.loader | Loaded rule: SchemaValidationRule
2026-08-11 11:33:33 | INFO     | rules.loader | Loaded rule: InvariantValidationRule
2026-08-11 11:33:33 | INFO     | rules.loader | Loaded rule: PIIValidationRule
2026-08-11 11:33:33 | INFO     | rules.loader | Successfully loaded 10 rule(s).
2026-08-11 11:33:33 | INFO     | rules.loader | Loading validation rules...
2026-08-11 11:33:33 | INFO     | rules.loader | Loaded rule: EmailValidationRule
2026-08-11 11:33:33 | INFO     | rules.loader | Loaded rule: PhoneValidationRule
2026-08-11 11:33:33 | INFO     | rules.loader | Loaded rule: WebsiteValidationRule
2026-08-11 11:33:33 | INFO     | rules.loader | Loaded rule: ZipValidationRule
2026-08-11 11:33:33 | INFO     | rules.loader | Loaded rule: NameValidationRule
2026-08-11 11:33:33 | INFO     | rules.loader | Loaded rule: DateValidationRule
2026-08-11 11:33:33 | INFO     | rules.loader | Loaded rule: DuplicateValidationRule
2026-08-11 11:33:33 | INFO     | rules.loader | Loaded rule: SchemaValidationRule
2026-08-11 11:33:33 | INFO     | rules.loader | Loaded rule: InvariantValidationRule
2026-08-11 11:33:33 | INFO     | rules.loader | Loaded rule: PIIValidationRule
2026-08-11 11:33:33 | INFO     | rules.loader | Successfully loaded 10 rule(s).
2026-08-11 11:45:28 | INFO     | rules.loader | Loading validation rules...
2026-08-11 11:45:28 | INFO     | rules.loader | Loaded rule: EmailValidationRule
2026-08-11 11:45:28 | INFO     | rules.loader | Loaded rule: PhoneValidationRule
2026-08-11 11:45:28 | INFO     | rules.loader | Loaded rule: WebsiteValidationRule
2026-08-11 11:45:28 | INFO     | rules.loader | Loaded rule: ZipValidationRule
2026-08-11 11:45:28 | INFO     | rules.loader | Loaded rule: NameValidationRule
2026-08-11 11:45:28 | INFO     | rules.loader | Loaded rule: DateValidationRule
2026-08-11 11:45:28 | INFO     | rules.loader | Loaded rule: DuplicateValidationRule
2026-08-11 11:45:28 | INFO     | rules.loader | Loaded rule: SchemaValidationRule
2026-08-11 11:45:28 | INFO     | rules.loader | Loaded rule: InvariantValidationRule
2026-08-11 11:45:28 | INFO     | rules.loader | Loaded rule: PIIValidationRule
2026-08-11 11:45:28 | INFO     | rules.loader | Successfully loaded 10 rule(s).
2026-08-11 11:45:28 | INFO     | rules.loader | Loading validation rules...
2026-08-11 11:45:28 | INFO     | rules.loader | Loaded rule: EmailValidationRule
2026-08-11 11:45:28 | INFO     | rules.loader | Loaded rule: PhoneValidationRule
2026-08-11 11:45:28 | INFO     | rules.loader | Loaded rule: WebsiteValidationRule
2026-08-11 11:45:28 | INFO     | rules.loader | Loaded rule: ZipValidationRule
2026-08-11 11:45:28 | INFO     | rules.loader | Loaded rule: NameValidationRule
2026-08-11 11:45:28 | INFO     | rules.loader | Loaded rule: DateValidationRule
2026-08-11 11:45:28 | INFO     | rules.loader | Loaded rule: DuplicateValidationRule
2026-08-11 11:45:28 | INFO     | rules.loader | Loaded rule: SchemaValidationRule
2026-08-11 11:45:28 | INFO     | rules.loader | Loaded rule: InvariantValidationRule
2026-08-11 11:45:28 | INFO     | rules.loader | Loaded rule: PIIValidationRule
2026-08-11 11:45:28 | INFO     | rules.loader | Successfully loaded 10 rule(s).
2026-08-11 11:45:28 | INFO     | rules.loader | Loading validation rules...
2026-08-11 11:45:28 | INFO     | rules.loader | Loaded rule: EmailValidationRule
2026-08-11 11:45:28 | INFO     | rules.loader | Loaded rule: PhoneValidationRule
2026-08-11 11:45:28 | INFO     | rules.loader | Loaded rule: WebsiteValidationRule
2026-08-11 11:45:28 | INFO     | rules.loader | Loaded rule: ZipValidationRule
2026-08-11 11:45:28 | INFO     | rules.loader | Loaded rule: NameValidationRule
2026-08-11 11:45:28 | INFO     | rules.loader | Loaded rule: DateValidationRule
2026-08-11 11:45:28 | INFO     | rules.loader | Loaded rule: DuplicateValidationRule
2026-08-11 11:45:28 | INFO     | rules.loader | Loaded rule: SchemaValidationRule
2026-08-11 11:45:28 | INFO     | rules.loader | Loaded rule: InvariantValidationRule
2026-08-11 11:45:28 | INFO     | rules.loader | Loaded rule: PIIValidationRule
2026-08-11 11:45:28 | INFO     | rules.loader | Successfully loaded 10 rule(s).
2026-08-11 11:45:28 | INFO     | rules.loader | Loading validation rules...
2026-08-11 11:45:28 | INFO     | rules.loader | Loaded rule: EmailValidationRule
2026-08-11 11:45:28 | INFO     | rules.loader | Loaded rule: PhoneValidationRule
2026-08-11 11:45:28 | INFO     | rules.loader | Loaded rule: WebsiteValidationRule
2026-08-11 11:45:28 | INFO     | rules.loader | Loaded rule: ZipValidationRule
2026-08-11 11:45:28 | INFO     | rules.loader | Loaded rule: NameValidationRule
2026-08-11 11:45:28 | INFO     | rules.loader | Loaded rule: DateValidationRule
2026-08-11 11:45:28 | INFO     | rules.loader | Loaded rule: DuplicateValidationRule
2026-08-11 11:45:28 | INFO     | rules.loader | Loaded rule: SchemaValidationRule
2026-08-11 11:45:28 | INFO     | rules.loader | Loaded rule: InvariantValidationRule
2026-08-11 11:45:28 | INFO     | rules.loader | Loaded rule: PIIValidationRule
2026-08-11 11:45:28 | INFO     | rules.loader | Successfully loaded 10 rule(s).
2026-08-11 11:45:28 | INFO     | rules.loader | Loading validation rules...
2026-08-11 11:45:28 | INFO     | rules.loader | Loaded rule: EmailValidationRule
2026-08-11 11:45:28 | INFO     | rules.loader | Loaded rule: PhoneValidationRule
2026-08-11 11:45:28 | INFO     | rules.loader | Loaded rule: WebsiteValidationRule
2026-08-11 11:45:28 | INFO     | rules.loader | Loaded rule: ZipValidationRule
2026-08-11 11:45:28 | INFO     | rules.loader | Loaded rule: NameValidationRule
2026-08-11 11:45:28 | INFO     | rules.loader | Loaded rule: DateValidationRule
2026-08-11 11:45:28 | INFO     | rules.loader | Loaded rule: DuplicateValidationRule
2026-08-11 11:45:28 | INFO     | rules.loader | Loaded rule: SchemaValidationRule
2026-08-11 11:45:28 | INFO     | rules.loader | Loaded rule: InvariantValidationRule
2026-08-11 11:45:28 | INFO     | rules.loader | Loaded rule: PIIValidationRule
2026-08-11 11:45:28 | INFO     | rules.loader | Successfully loaded 10 rule(s).
2026-08-11 11:48:58 | INFO     | rules.loader | Loading validation rules...
2026-08-11 11:48:58 | INFO     | rules.loader | Loaded rule: EmailValidationRule
2026-08-11 11:48:58 | INFO     | rules.loader | Loaded rule: PhoneValidationRule
2026-08-11 11:48:58 | INFO     | rules.loader | Loaded rule: WebsiteValidationRule
2026-08-11 11:48:58 | INFO     | rules.loader | Loaded rule: ZipValidationRule
2026-08-11 11:48:58 | INFO     | rules.loader | Loaded rule: NameValidationRule
2026-08-11 11:48:58 | INFO     | rules.loader | Loaded rule: DateValidationRule
2026-08-11 11:48:58 | INFO     | rules.loader | Loaded rule: DuplicateValidationRule
2026-08-11 11:48:58 | INFO     | rules.loader | Loaded rule: SchemaValidationRule
2026-08-11 11:48:58 | INFO     | rules.loader | Loaded rule: InvariantValidationRule
2026-08-11 11:48:58 | INFO     | rules.loader | Loaded rule: PIIValidationRule
2026-08-11 11:48:58 | INFO     | rules.loader | Successfully loaded 10 rule(s).
2026-08-11 11:48:58 | INFO     | rules.loader | Loading validation rules...
2026-08-11 11:48:58 | INFO     | rules.loader | Loaded rule: EmailValidationRule
2026-08-11 11:48:58 | INFO     | rules.loader | Loaded rule: PhoneValidationRule
2026-08-11 11:48:58 | INFO     | rules.loader | Loaded rule: WebsiteValidationRule
2026-08-11 11:48:58 | INFO     | rules.loader | Loaded rule: ZipValidationRule
2026-08-11 11:48:58 | INFO     | rules.loader | Loaded rule: NameValidationRule
2026-08-11 11:48:58 | INFO     | rules.loader | Loaded rule: DateValidationRule
2026-08-11 11:48:58 | INFO     | rules.loader | Loaded rule: DuplicateValidationRule
2026-08-11 11:48:58 | INFO     | rules.loader | Loaded rule: SchemaValidationRule
2026-08-11 11:48:58 | INFO     | rules.loader | Loaded rule: InvariantValidationRule
2026-08-11 11:48:58 | INFO     | rules.loader | Loaded rule: PIIValidationRule
2026-08-11 11:48:58 | INFO     | rules.loader | Successfully loaded 10 rule(s).
2026-08-11 11:48:58 | INFO     | rules.loader | Loading validation rules...
2026-08-11 11:48:58 | INFO     | rules.loader | Loaded rule: EmailValidationRule
2026-08-11 11:48:58 | INFO     | rules.loader | Loaded rule: PhoneValidationRule
2026-08-11 11:48:58 | INFO     | rules.loader | Loaded rule: WebsiteValidationRule
2026-08-11 11:48:58 | INFO     | rules.loader | Loaded rule: ZipValidationRule
2026-08-11 11:48:58 | INFO     | rules.loader | Loaded rule: NameValidationRule
2026-08-11 11:48:58 | INFO     | rules.loader | Loaded rule: DateValidationRule
2026-08-11 11:48:58 | INFO     | rules.loader | Loaded rule: DuplicateValidationRule
2026-08-11 11:48:58 | INFO     | rules.loader | Loaded rule: SchemaValidationRule
2026-08-11 11:48:58 | INFO     | rules.loader | Loaded rule: InvariantValidationRule
2026-08-11 11:48:58 | INFO     | rules.loader | Loaded rule: PIIValidationRule
2026-08-11 11:48:58 | INFO     | rules.loader | Successfully loaded 10 rule(s).
2026-08-11 11:48:58 | INFO     | rules.loader | Loading validation rules...
2026-08-11 11:48:58 | INFO     | rules.loader | Loaded rule: EmailValidationRule
2026-08-11 11:48:58 | INFO     | rules.loader | Loaded rule: PhoneValidationRule
2026-08-11 11:48:58 | INFO     | rules.loader | Loaded rule: WebsiteValidationRule
2026-08-11 11:48:58 | INFO     | rules.loader | Loaded rule: ZipValidationRule
2026-08-11 11:48:58 | INFO     | rules.loader | Loaded rule: NameValidationRule
2026-08-11 11:48:58 | INFO     | rules.loader | Loaded rule: DateValidationRule
2026-08-11 11:48:58 | INFO     | rules.loader | Loaded rule: DuplicateValidationRule
2026-08-11 11:48:58 | INFO     | rules.loader | Loaded rule: SchemaValidationRule
2026-08-11 11:48:58 | INFO     | rules.loader | Loaded rule: InvariantValidationRule
2026-08-11 11:48:58 | INFO     | rules.loader | Loaded rule: PIIValidationRule
2026-08-11 11:48:58 | INFO     | rules.loader | Successfully loaded 10 rule(s).
2026-08-11 11:48:58 | INFO     | rules.loader | Loading validation rules...
2026-08-11 11:48:58 | INFO     | rules.loader | Loaded rule: EmailValidationRule
2026-08-11 11:48:58 | INFO     | rules.loader | Loaded rule: PhoneValidationRule
2026-08-11 11:48:58 | INFO     | rules.loader | Loaded rule: WebsiteValidationRule
2026-08-11 11:48:58 | INFO     | rules.loader | Loaded rule: ZipValidationRule
2026-08-11 11:48:58 | INFO     | rules.loader | Loaded rule: NameValidationRule
2026-08-11 11:48:58 | INFO     | rules.loader | Loaded rule: DateValidationRule
2026-08-11 11:48:58 | INFO     | rules.loader | Loaded rule: DuplicateValidationRule
2026-08-11 11:48:58 | INFO     | rules.loader | Loaded rule: SchemaValidationRule
2026-08-11 11:48:58 | INFO     | rules.loader | Loaded rule: InvariantValidationRule
2026-08-11 11:48:58 | INFO     | rules.loader | Loaded rule: PIIValidationRule
2026-08-11 11:48:58 | INFO     | rules.loader | Successfully loaded 10 rule(s).
2026-08-11 17:13:02 | INFO     | rules.loader | Loading validation rules...
2026-08-11 17:13:02 | INFO     | rules.loader | Loaded rule: EmailValidationRule
2026-08-11 17:13:02 | INFO     | rules.loader | Loaded rule: PhoneValidationRule
2026-08-11 17:13:02 | INFO     | rules.loader | Loaded rule: WebsiteValidationRule
2026-08-11 17:13:02 | INFO     | rules.loader | Loaded rule: ZipValidationRule
2026-08-11 17:13:02 | INFO     | rules.loader | Loaded rule: NameValidationRule
2026-08-11 17:13:02 | INFO     | rules.loader | Loaded rule: DateValidationRule
2026-08-11 17:13:02 | INFO     | rules.loader | Loaded rule: DuplicateValidationRule
2026-08-11 17:13:02 | INFO     | rules.loader | Loaded rule: SchemaValidationRule
2026-08-11 17:13:02 | INFO     | rules.loader | Loaded rule: InvariantValidationRule
2026-08-11 17:13:02 | INFO     | rules.loader | Loaded rule: PIIValidationRule
2026-08-11 17:13:02 | INFO     | rules.loader | Successfully loaded 10 rule(s).
2026-08-11 17:13:02 | INFO     | rules.loader | Loading validation rules...
2026-08-11 17:13:02 | INFO     | rules.loader | Loaded rule: EmailValidationRule
2026-08-11 17:13:02 | INFO     | rules.loader | Loaded rule: PhoneValidationRule
2026-08-11 17:13:02 | INFO     | rules.loader | Loaded rule: WebsiteValidationRule
2026-08-11 17:13:02 | INFO     | rules.loader | Loaded rule: ZipValidationRule
2026-08-11 17:13:02 | INFO     | rules.loader | Loaded rule: NameValidationRule
2026-08-11 17:13:02 | INFO     | rules.loader | Loaded rule: DateValidationRule
2026-08-11 17:13:02 | INFO     | rules.loader | Loaded rule: DuplicateValidationRule
2026-08-11 17:13:02 | INFO     | rules.loader | Loaded rule: SchemaValidationRule
2026-08-11 17:13:02 | INFO     | rules.loader | Loaded rule: InvariantValidationRule
2026-08-11 17:13:02 | INFO     | rules.loader | Loaded rule: PIIValidationRule
2026-08-11 17:13:02 | INFO     | rules.loader | Successfully loaded 10 rule(s).
2026-08-11 17:13:02 | INFO     | rules.loader | Loading validation rules...
2026-08-11 17:13:02 | INFO     | rules.loader | Loaded rule: EmailValidationRule
2026-08-11 17:13:02 | INFO     | rules.loader | Loaded rule: PhoneValidationRule
2026-08-11 17:13:02 | INFO     | rules.loader | Loaded rule: WebsiteValidationRule
2026-08-11 17:13:02 | INFO     | rules.loader | Loaded rule: ZipValidationRule
2026-08-11 17:13:02 | INFO     | rules.loader | Loaded rule: NameValidationRule
2026-08-11 17:13:02 | INFO     | rules.loader | Loaded rule: DateValidationRule
2026-08-11 17:13:02 | INFO     | rules.loader | Loaded rule: DuplicateValidationRule
2026-08-11 17:13:02 | INFO     | rules.loader | Loaded rule: SchemaValidationRule
2026-08-11 17:13:02 | INFO     | rules.loader | Loaded rule: InvariantValidationRule
2026-08-11 17:13:02 | INFO     | rules.loader | Loaded rule: PIIValidationRule
2026-08-11 17:13:02 | INFO     | rules.loader | Successfully loaded 10 rule(s).
2026-08-11 17:13:02 | INFO     | rules.loader | Loading validation rules...
2026-08-11 17:13:02 | INFO     | rules.loader | Loaded rule: EmailValidationRule
2026-08-11 17:13:02 | INFO     | rules.loader | Loaded rule: PhoneValidationRule
2026-08-11 17:13:02 | INFO     | rules.loader | Loaded rule: WebsiteValidationRule
2026-08-11 17:13:02 | INFO     | rules.loader | Loaded rule: ZipValidationRule
2026-08-11 17:13:02 | INFO     | rules.loader | Loaded rule: NameValidationRule
2026-08-11 17:13:02 | INFO     | rules.loader | Loaded rule: DateValidationRule
2026-08-11 17:13:02 | INFO     | rules.loader | Loaded rule: DuplicateValidationRule
2026-08-11 17:13:02 | INFO     | rules.loader | Loaded rule: SchemaValidationRule
2026-08-11 17:13:02 | INFO     | rules.loader | Loaded rule: InvariantValidationRule
2026-08-11 17:13:02 | INFO     | rules.loader | Loaded rule: PIIValidationRule
2026-08-11 17:13:02 | INFO     | rules.loader | Successfully loaded 10 rule(s).
2026-08-11 17:13:02 | INFO     | rules.loader | Loading validation rules...
2026-08-11 17:13:02 | INFO     | rules.loader | Loaded rule: EmailValidationRule
2026-08-11 17:13:02 | INFO     | rules.loader | Loaded rule: PhoneValidationRule
2026-08-11 17:13:02 | INFO     | rules.loader | Loaded rule: WebsiteValidationRule
2026-08-11 17:13:02 | INFO     | rules.loader | Loaded rule: ZipValidationRule
2026-08-11 17:13:02 | INFO     | rules.loader | Loaded rule: NameValidationRule
2026-08-11 17:13:02 | INFO     | rules.loader | Loaded rule: DateValidationRule
2026-08-11 17:13:02 | INFO     | rules.loader | Loaded rule: DuplicateValidationRule
2026-08-11 17:13:02 | INFO     | rules.loader | Loaded rule: SchemaValidationRule
2026-08-11 17:13:02 | INFO     | rules.loader | Loaded rule: InvariantValidationRule
2026-08-11 17:13:02 | INFO     | rules.loader | Loaded rule: PIIValidationRule
2026-08-11 17:13:02 | INFO     | rules.loader | Successfully loaded 10 rule(s).
2026-08-11 17:47:02 | INFO     | rules.loader | Loading validation rules...
2026-08-11 17:47:02 | INFO     | rules.loader | Loaded rule: EmailValidationRule
2026-08-11 17:47:02 | INFO     | rules.loader | Loaded rule: PhoneValidationRule
2026-08-11 17:47:02 | INFO     | rules.loader | Loaded rule: WebsiteValidationRule
2026-08-11 17:47:02 | INFO     | rules.loader | Loaded rule: ZipValidationRule
2026-08-11 17:47:02 | INFO     | rules.loader | Loaded rule: NameValidationRule
2026-08-11 17:47:02 | INFO     | rules.loader | Loaded rule: DateValidationRule
2026-08-11 17:47:02 | INFO     | rules.loader | Loaded rule: DuplicateValidationRule
2026-08-11 17:47:02 | INFO     | rules.loader | Loaded rule: SchemaValidationRule
2026-08-11 17:47:02 | INFO     | rules.loader | Loaded rule: InvariantValidationRule
2026-08-11 17:47:02 | INFO     | rules.loader | Loaded rule: PIIValidationRule
2026-08-11 17:47:02 | INFO     | rules.loader | Successfully loaded 10 rule(s).
2026-08-11 17:47:02 | INFO     | validation.engine | Validation started.
2026-08-11 17:47:02 | INFO     | validation.policies | Validation started.
2026-08-11 17:47:02 | INFO     | rules.executor | Starting rule execution.
2026-08-11 17:47:02 | INFO     | rules.base | Running rule: date_validation (2.0.0)
2026-08-11 17:47:02 | INFO     | rules.base | Finished rule: date_validation (0.052 sec)
2026-08-11 17:47:02 | INFO     | rules.base | Running rule: duplicate_validation (2.0.0)
2026-08-11 17:47:02 | INFO     | rules.base | Finished rule: duplicate_validation (0.014 sec)
2026-08-11 17:47:02 | INFO     | rules.base | Running rule: email_validation (2.0.0)
2026-08-11 17:47:02 | INFO     | rules.base | Finished rule: email_validation (0.012 sec)
2026-08-11 17:47:02 | INFO     | rules.base | Running rule: invariant_validation (2.0.0)
2026-08-11 17:47:02 | INFO     | rules.base | Finished rule: invariant_validation (0.001 sec)
2026-08-11 17:47:02 | INFO     | rules.base | Running rule: name_validation (2.0.0)
2026-08-11 17:47:02 | INFO     | rules.base | Finished rule: name_validation (0.011 sec)
2026-08-11 17:47:02 | INFO     | rules.base | Running rule: phone_validation (2.0.0)
2026-08-11 17:47:02 | INFO     | rules.base | Finished rule: phone_validation (0.012 sec)
2026-08-11 17:47:02 | INFO     | rules.base | Running rule: pii_validation (2.0.0)
2026-08-11 17:47:02 | INFO     | rules.base | Finished rule: pii_validation (0.024 sec)
2026-08-11 17:47:02 | INFO     | rules.base | Running rule: schema_validation (2.0.0)
2026-08-11 17:47:02 | INFO     | rules.base | Finished rule: schema_validation (0.000 sec)
2026-08-11 17:47:02 | INFO     | rules.base | Running rule: website_validation (2.0.0)
2026-08-11 17:47:02 | INFO     | rules.base | Finished rule: website_validation (0.023 sec)
2026-08-11 17:47:02 | INFO     | rules.base | Running rule: zip_validation (2.0.0)
2026-08-11 17:47:02 | INFO     | rules.base | Finished rule: zip_validation (0.009 sec)
2026-08-11 17:47:02 | INFO     | rules.executor | Finished executing 10 rules.
2026-08-11 17:47:02 | INFO     | validation.policies | Validation finished.
2026-08-11 17:47:02 | INFO     | validation.engine | Validation finished.
2026-08-11 17:47:02 | INFO     | rules.loader | Loading validation rules...
2026-08-11 17:47:02 | INFO     | rules.loader | Loaded rule: EmailValidationRule
2026-08-11 17:47:02 | INFO     | rules.loader | Loaded rule: PhoneValidationRule
2026-08-11 17:47:02 | INFO     | rules.loader | Loaded rule: WebsiteValidationRule
2026-08-11 17:47:02 | INFO     | rules.loader | Loaded rule: ZipValidationRule
2026-08-11 17:47:02 | INFO     | rules.loader | Loaded rule: NameValidationRule
2026-08-11 17:47:02 | INFO     | rules.loader | Loaded rule: DateValidationRule
2026-08-11 17:47:02 | INFO     | rules.loader | Loaded rule: DuplicateValidationRule
2026-08-11 17:47:02 | INFO     | rules.loader | Loaded rule: SchemaValidationRule
2026-08-11 17:47:02 | INFO     | rules.loader | Loaded rule: InvariantValidationRule
2026-08-11 17:47:02 | INFO     | rules.loader | Loaded rule: PIIValidationRule
2026-08-11 17:47:02 | INFO     | rules.loader | Successfully loaded 10 rule(s).
2026-08-11 17:47:02 | INFO     | validation.engine | Validation started.
2026-08-11 17:47:02 | INFO     | validation.policies | Validation started.
2026-08-11 17:47:02 | INFO     | rules.executor | Starting rule execution.
2026-08-11 17:47:02 | INFO     | rules.base | Running rule: date_validation (2.0.0)
2026-08-11 17:47:02 | INFO     | rules.base | Finished rule: date_validation (0.022 sec)
2026-08-11 17:47:02 | INFO     | rules.base | Running rule: duplicate_validation (2.0.0)
2026-08-11 17:47:02 | INFO     | rules.base | Finished rule: duplicate_validation (0.005 sec)
2026-08-11 17:47:02 | INFO     | rules.base | Running rule: email_validation (2.0.0)
2026-08-11 17:47:02 | INFO     | rules.base | Finished rule: email_validation (0.012 sec)
2026-08-11 17:47:02 | INFO     | rules.base | Running rule: invariant_validation (2.0.0)
2026-08-11 17:47:02 | INFO     | rules.base | Finished rule: invariant_validation (0.000 sec)
2026-08-11 17:47:02 | INFO     | rules.base | Running rule: name_validation (2.0.0)
2026-08-11 17:47:03 | INFO     | rules.base | Finished rule: name_validation (0.010 sec)
2026-08-11 17:47:03 | INFO     | rules.base | Running rule: phone_validation (2.0.0)
2026-08-11 17:47:03 | INFO     | rules.base | Finished rule: phone_validation (0.018 sec)
2026-08-11 17:47:03 | INFO     | rules.base | Running rule: pii_validation (2.0.0)
2026-08-11 17:47:03 | INFO     | rules.base | Finished rule: pii_validation (0.029 sec)
2026-08-11 17:47:03 | INFO     | rules.base | Running rule: schema_validation (2.0.0)
2026-08-11 17:47:03 | INFO     | rules.base | Finished rule: schema_validation (0.000 sec)
2026-08-11 17:47:03 | INFO     | rules.base | Running rule: website_validation (2.0.0)
2026-08-11 17:47:03 | INFO     | rules.base | Finished rule: website_validation (0.054 sec)
2026-08-11 17:47:03 | INFO     | rules.base | Running rule: zip_validation (2.0.0)
2026-08-11 17:47:03 | INFO     | rules.base | Finished rule: zip_validation (0.019 sec)
2026-08-11 17:47:03 | INFO     | rules.executor | Finished executing 10 rules.
2026-08-11 17:47:03 | INFO     | validation.policies | Validation finished.
2026-08-11 17:47:03 | INFO     | validation.engine | Validation finished.
2026-08-11 17:47:04 | INFO     | rules.loader | Loading validation rules...
2026-08-11 17:47:04 | INFO     | rules.loader | Loaded rule: EmailValidationRule
2026-08-11 17:47:04 | INFO     | rules.loader | Loaded rule: PhoneValidationRule
2026-08-11 17:47:04 | INFO     | rules.loader | Loaded rule: WebsiteValidationRule
2026-08-11 17:47:04 | INFO     | rules.loader | Loaded rule: ZipValidationRule
2026-08-11 17:47:04 | INFO     | rules.loader | Loaded rule: NameValidationRule
2026-08-11 17:47:04 | INFO     | rules.loader | Loaded rule: DateValidationRule
2026-08-11 17:47:04 | INFO     | rules.loader | Loaded rule: DuplicateValidationRule
2026-08-11 17:47:04 | INFO     | rules.loader | Loaded rule: SchemaValidationRule
2026-08-11 17:47:04 | INFO     | rules.loader | Loaded rule: InvariantValidationRule
2026-08-11 17:47:04 | INFO     | rules.loader | Loaded rule: PIIValidationRule
2026-08-11 17:47:04 | INFO     | rules.loader | Successfully loaded 10 rule(s).
2026-08-11 17:47:04 | INFO     | rules.loader | Loading validation rules...
2026-08-11 17:47:04 | INFO     | rules.loader | Loaded rule: EmailValidationRule
2026-08-11 17:47:04 | INFO     | rules.loader | Loaded rule: PhoneValidationRule
2026-08-11 17:47:04 | INFO     | rules.loader | Loaded rule: WebsiteValidationRule
2026-08-11 17:47:04 | INFO     | rules.loader | Loaded rule: ZipValidationRule
2026-08-11 17:47:04 | INFO     | rules.loader | Loaded rule: NameValidationRule
2026-08-11 17:47:04 | INFO     | rules.loader | Loaded rule: DateValidationRule
2026-08-11 17:47:04 | INFO     | rules.loader | Loaded rule: DuplicateValidationRule
2026-08-11 17:47:04 | INFO     | rules.loader | Loaded rule: SchemaValidationRule
2026-08-11 17:47:04 | INFO     | rules.loader | Loaded rule: InvariantValidationRule
2026-08-11 17:47:04 | INFO     | rules.loader | Loaded rule: PIIValidationRule
2026-08-11 17:47:04 | INFO     | rules.loader | Successfully loaded 10 rule(s).
2026-08-11 17:47:04 | INFO     | rules.loader | Loading validation rules...
2026-08-11 17:47:04 | INFO     | rules.loader | Loaded rule: EmailValidationRule
2026-08-11 17:47:04 | INFO     | rules.loader | Loaded rule: PhoneValidationRule
2026-08-11 17:47:04 | INFO     | rules.loader | Loaded rule: WebsiteValidationRule
2026-08-11 17:47:04 | INFO     | rules.loader | Loaded rule: ZipValidationRule
2026-08-11 17:47:04 | INFO     | rules.loader | Loaded rule: NameValidationRule
2026-08-11 17:47:04 | INFO     | rules.loader | Loaded rule: DateValidationRule
2026-08-11 17:47:04 | INFO     | rules.loader | Loaded rule: DuplicateValidationRule
2026-08-11 17:47:04 | INFO     | rules.loader | Loaded rule: SchemaValidationRule
2026-08-11 17:47:04 | INFO     | rules.loader | Loaded rule: InvariantValidationRule
2026-08-11 17:47:04 | INFO     | rules.loader | Loaded rule: PIIValidationRule
2026-08-11 17:47:04 | INFO     | rules.loader | Successfully loaded 10 rule(s).
2026-08-11 17:47:04 | INFO     | rules.loader | Loading validation rules...
2026-08-11 17:47:04 | INFO     | rules.loader | Loaded rule: EmailValidationRule
2026-08-11 17:47:04 | INFO     | rules.loader | Loaded rule: PhoneValidationRule
2026-08-11 17:47:04 | INFO     | rules.loader | Loaded rule: WebsiteValidationRule
2026-08-11 17:47:04 | INFO     | rules.loader | Loaded rule: ZipValidationRule
2026-08-11 17:47:04 | INFO     | rules.loader | Loaded rule: NameValidationRule
2026-08-11 17:47:04 | INFO     | rules.loader | Loaded rule: DateValidationRule
2026-08-11 17:47:04 | INFO     | rules.loader | Loaded rule: DuplicateValidationRule
2026-08-11 17:47:04 | INFO     | rules.loader | Loaded rule: SchemaValidationRule
2026-08-11 17:47:04 | INFO     | rules.loader | Loaded rule: InvariantValidationRule
2026-08-11 17:47:04 | INFO     | rules.loader | Loaded rule: PIIValidationRule
2026-08-11 17:47:04 | INFO     | rules.loader | Successfully loaded 10 rule(s).
2026-08-11 17:47:04 | INFO     | rules.loader | Loading validation rules...
2026-08-11 17:47:04 | INFO     | rules.loader | Loaded rule: EmailValidationRule
2026-08-11 17:47:04 | INFO     | rules.loader | Loaded rule: PhoneValidationRule
2026-08-11 17:47:04 | INFO     | rules.loader | Loaded rule: WebsiteValidationRule
2026-08-11 17:47:04 | INFO     | rules.loader | Loaded rule: ZipValidationRule
2026-08-11 17:47:04 | INFO     | rules.loader | Loaded rule: NameValidationRule
2026-08-11 17:47:04 | INFO     | rules.loader | Loaded rule: DateValidationRule
2026-08-11 17:47:04 | INFO     | rules.loader | Loaded rule: DuplicateValidationRule
2026-08-11 17:47:04 | INFO     | rules.loader | Loaded rule: SchemaValidationRule
2026-08-11 17:47:04 | INFO     | rules.loader | Loaded rule: InvariantValidationRule
2026-08-11 17:47:04 | INFO     | rules.loader | Loaded rule: PIIValidationRule
2026-08-11 17:47:04 | INFO     | rules.loader | Successfully loaded 10 rule(s).
2026-08-11 17:48:59 | INFO     | rules.loader | Loading validation rules...
2026-08-11 17:48:59 | INFO     | rules.loader | Loaded rule: EmailValidationRule
2026-08-11 17:48:59 | INFO     | rules.loader | Loaded rule: PhoneValidationRule
2026-08-11 17:48:59 | INFO     | rules.loader | Loaded rule: WebsiteValidationRule
2026-08-11 17:48:59 | INFO     | rules.loader | Loaded rule: ZipValidationRule
2026-08-11 17:48:59 | INFO     | rules.loader | Loaded rule: NameValidationRule
2026-08-11 17:48:59 | INFO     | rules.loader | Loaded rule: DateValidationRule
2026-08-11 17:48:59 | INFO     | rules.loader | Loaded rule: DuplicateValidationRule
2026-08-11 17:48:59 | INFO     | rules.loader | Loaded rule: SchemaValidationRule
2026-08-11 17:48:59 | INFO     | rules.loader | Loaded rule: InvariantValidationRule
2026-08-11 17:48:59 | INFO     | rules.loader | Loaded rule: PIIValidationRule
2026-08-11 17:48:59 | INFO     | rules.loader | Successfully loaded 10 rule(s).
2026-08-11 17:48:59 | INFO     | validation.engine | Validation started.
2026-08-11 17:48:59 | INFO     | validation.policies | Validation started.
2026-08-11 17:48:59 | INFO     | rules.executor | Starting rule execution.
2026-08-11 17:48:59 | INFO     | rules.base | Running rule: date_validation (2.0.0)
2026-08-11 17:48:59 | INFO     | rules.base | Finished rule: date_validation (0.034 sec)
2026-08-11 17:48:59 | INFO     | rules.base | Running rule: duplicate_validation (2.0.0)
2026-08-11 17:48:59 | INFO     | rules.base | Finished rule: duplicate_validation (0.009 sec)
2026-08-11 17:48:59 | INFO     | rules.base | Running rule: email_validation (2.0.0)
2026-08-11 17:48:59 | INFO     | rules.base | Finished rule: email_validation (0.018 sec)
2026-08-11 17:48:59 | INFO     | rules.base | Running rule: invariant_validation (2.0.0)
2026-08-11 17:48:59 | INFO     | rules.base | Finished rule: invariant_validation (0.000 sec)
2026-08-11 17:48:59 | INFO     | rules.base | Running rule: name_validation (2.0.0)
2026-08-11 17:48:59 | INFO     | rules.base | Finished rule: name_validation (0.021 sec)
2026-08-11 17:48:59 | INFO     | rules.base | Running rule: phone_validation (2.0.0)
2026-08-11 17:48:59 | INFO     | rules.base | Finished rule: phone_validation (0.019 sec)
2026-08-11 17:48:59 | INFO     | rules.base | Running rule: pii_validation (2.0.0)
2026-08-11 17:48:59 | INFO     | rules.base | Finished rule: pii_validation (0.046 sec)
2026-08-11 17:48:59 | INFO     | rules.base | Running rule: schema_validation (2.0.0)
2026-08-11 17:48:59 | INFO     | rules.base | Finished rule: schema_validation (0.000 sec)
2026-08-11 17:48:59 | INFO     | rules.base | Running rule: website_validation (2.0.0)
2026-08-11 17:48:59 | INFO     | rules.base | Finished rule: website_validation (0.039 sec)
2026-08-11 17:48:59 | INFO     | rules.base | Running rule: zip_validation (2.0.0)
2026-08-11 17:48:59 | INFO     | rules.base | Finished rule: zip_validation (0.017 sec)
2026-08-11 17:48:59 | INFO     | rules.executor | Finished executing 10 rules.
2026-08-11 17:48:59 | INFO     | validation.policies | Validation finished.
2026-08-11 17:48:59 | INFO     | validation.engine | Validation finished.
2026-08-11 17:59:23 | INFO     | rules.loader | Loading validation rules...
2026-08-11 17:59:23 | INFO     | rules.loader | Loaded rule: EmailValidationRule
2026-08-11 17:59:23 | INFO     | rules.loader | Loaded rule: PhoneValidationRule
2026-08-11 17:59:23 | INFO     | rules.loader | Loaded rule: WebsiteValidationRule
2026-08-11 17:59:23 | INFO     | rules.loader | Loaded rule: ZipValidationRule
2026-08-11 17:59:23 | INFO     | rules.loader | Loaded rule: NameValidationRule
2026-08-11 17:59:23 | INFO     | rules.loader | Loaded rule: DateValidationRule
2026-08-11 17:59:23 | INFO     | rules.loader | Loaded rule: DuplicateValidationRule
2026-08-11 17:59:23 | INFO     | rules.loader | Loaded rule: SchemaValidationRule
2026-08-11 17:59:23 | INFO     | rules.loader | Loaded rule: InvariantValidationRule
2026-08-11 17:59:23 | INFO     | rules.loader | Loaded rule: PIIValidationRule
2026-08-11 17:59:23 | INFO     | rules.loader | Successfully loaded 10 rule(s).
2026-08-11 17:59:24 | INFO     | validation.engine | Validation started.
2026-08-11 17:59:24 | INFO     | validation.policies | Validation started.
2026-08-11 17:59:24 | INFO     | rules.executor | Starting rule execution.
2026-08-11 17:59:24 | INFO     | rules.base | Running rule: date_validation (2.0.0)
2026-08-11 17:59:24 | INFO     | rules.base | Finished rule: date_validation (0.014 sec)
2026-08-11 17:59:24 | INFO     | rules.base | Running rule: duplicate_validation (2.0.0)
2026-08-11 17:59:24 | INFO     | rules.base | Finished rule: duplicate_validation (0.033 sec)
2026-08-11 17:59:24 | INFO     | rules.base | Running rule: email_validation (2.0.0)
2026-08-11 17:59:24 | INFO     | rules.base | Finished rule: email_validation (0.000 sec)
2026-08-11 17:59:24 | INFO     | rules.base | Running rule: invariant_validation (2.0.0)
2026-08-11 17:59:24 | INFO     | rules.base | Finished rule: invariant_validation (0.000 sec)
2026-08-11 17:59:24 | INFO     | rules.base | Running rule: name_validation (2.0.0)
2026-08-11 17:59:24 | INFO     | rules.base | Finished rule: name_validation (0.083 sec)
2026-08-11 17:59:24 | INFO     | rules.base | Running rule: phone_validation (2.0.0)
2026-08-11 17:59:24 | INFO     | rules.base | Finished rule: phone_validation (0.000 sec)
2026-08-11 17:59:24 | INFO     | rules.base | Running rule: pii_validation (2.0.0)
2026-08-11 17:59:24 | INFO     | rules.base | Finished rule: pii_validation (0.068 sec)
2026-08-11 17:59:24 | INFO     | rules.base | Running rule: schema_validation (2.0.0)
2026-08-11 17:59:24 | INFO     | rules.base | Finished rule: schema_validation (0.000 sec)
2026-08-11 17:59:24 | INFO     | rules.base | Running rule: website_validation (2.0.0)
2026-08-11 17:59:24 | INFO     | rules.base | Finished rule: website_validation (0.000 sec)
2026-08-11 17:59:24 | INFO     | rules.base | Running rule: zip_validation (2.0.0)
2026-08-11 17:59:24 | INFO     | rules.base | Finished rule: zip_validation (0.011 sec)
2026-08-11 17:59:24 | INFO     | rules.executor | Finished executing 10 rules.
2026-08-11 17:59:24 | INFO     | validation.policies | Validation finished.
2026-08-11 17:59:24 | INFO     | validation.engine | Validation finished.
2026-08-11 18:06:00 | INFO     | rules.loader | Loading validation rules...
2026-08-11 18:06:00 | INFO     | rules.loader | Loaded rule: EmailValidationRule
2026-08-11 18:06:00 | INFO     | rules.loader | Loaded rule: PhoneValidationRule
2026-08-11 18:06:00 | INFO     | rules.loader | Loaded rule: WebsiteValidationRule
2026-08-11 18:06:00 | INFO     | rules.loader | Loaded rule: ZipValidationRule
2026-08-11 18:06:00 | INFO     | rules.loader | Loaded rule: NameValidationRule
2026-08-11 18:06:00 | INFO     | rules.loader | Loaded rule: DateValidationRule
2026-08-11 18:06:00 | INFO     | rules.loader | Loaded rule: DuplicateValidationRule
2026-08-11 18:06:00 | INFO     | rules.loader | Loaded rule: SchemaValidationRule
2026-08-11 18:06:00 | INFO     | rules.loader | Loaded rule: InvariantValidationRule
2026-08-11 18:06:00 | INFO     | rules.loader | Loaded rule: PIIValidationRule
2026-08-11 18:06:00 | INFO     | rules.loader | Successfully loaded 10 rule(s).
2026-08-11 18:06:00 | INFO     | validation.engine | Validation started.
2026-08-11 18:06:00 | INFO     | validation.policies | Validation started.
2026-08-11 18:06:00 | INFO     | rules.executor | Starting rule execution.
2026-08-11 18:06:00 | INFO     | rules.base | Running rule: date_validation (2.0.0)
2026-08-11 18:06:00 | INFO     | rules.base | Finished rule: date_validation (0.009 sec)
2026-08-11 18:06:00 | INFO     | rules.base | Running rule: duplicate_validation (2.0.0)
2026-08-11 18:06:00 | INFO     | rules.base | Finished rule: duplicate_validation (0.031 sec)
2026-08-11 18:06:00 | INFO     | rules.base | Running rule: email_validation (2.0.0)
2026-08-11 18:06:00 | INFO     | rules.base | Finished rule: email_validation (0.000 sec)
2026-08-11 18:06:00 | INFO     | rules.base | Running rule: invariant_validation (2.0.0)
2026-08-11 18:06:00 | INFO     | rules.base | Finished rule: invariant_validation (0.000 sec)
2026-08-11 18:06:00 | INFO     | rules.base | Running rule: name_validation (2.0.0)
2026-08-11 18:06:00 | INFO     | rules.base | Finished rule: name_validation (0.064 sec)
2026-08-11 18:06:00 | INFO     | rules.base | Running rule: phone_validation (2.0.0)
2026-08-11 18:06:00 | INFO     | rules.base | Finished rule: phone_validation (0.000 sec)
2026-08-11 18:06:00 | INFO     | rules.base | Running rule: pii_validation (2.0.0)
2026-08-11 18:06:00 | INFO     | rules.base | Finished rule: pii_validation (0.071 sec)
2026-08-11 18:06:00 | INFO     | rules.base | Running rule: schema_validation (2.0.0)
2026-08-11 18:06:00 | INFO     | rules.base | Finished rule: schema_validation (0.000 sec)
2026-08-11 18:06:00 | INFO     | rules.base | Running rule: website_validation (2.0.0)
2026-08-11 18:06:00 | INFO     | rules.base | Finished rule: website_validation (0.000 sec)
2026-08-11 18:06:00 | INFO     | rules.base | Running rule: zip_validation (2.0.0)
2026-08-11 18:06:00 | INFO     | rules.base | Finished rule: zip_validation (0.012 sec)
2026-08-11 18:06:00 | INFO     | rules.executor | Finished executing 10 rules.
2026-08-11 18:06:00 | INFO     | validation.policies | Validation finished.
2026-08-11 18:06:00 | INFO     | validation.engine | Validation finished.
2026-08-11 18:08:52 | INFO     | rules.loader | Loading validation rules...
2026-08-11 18:08:52 | INFO     | rules.loader | Loaded rule: EmailValidationRule
2026-08-11 18:08:52 | INFO     | rules.loader | Loaded rule: PhoneValidationRule
2026-08-11 18:08:52 | INFO     | rules.loader | Loaded rule: WebsiteValidationRule
2026-08-11 18:08:52 | INFO     | rules.loader | Loaded rule: ZipValidationRule
2026-08-11 18:08:52 | INFO     | rules.loader | Loaded rule: NameValidationRule
2026-08-11 18:08:52 | INFO     | rules.loader | Loaded rule: DateValidationRule
2026-08-11 18:08:52 | INFO     | rules.loader | Loaded rule: DuplicateValidationRule
2026-08-11 18:08:52 | INFO     | rules.loader | Loaded rule: SchemaValidationRule
2026-08-11 18:08:52 | INFO     | rules.loader | Loaded rule: InvariantValidationRule
2026-08-11 18:08:52 | INFO     | rules.loader | Loaded rule: PIIValidationRule
2026-08-11 18:08:52 | INFO     | rules.loader | Successfully loaded 10 rule(s).
2026-08-11 18:08:52 | INFO     | validation.engine | Validation started.
2026-08-11 18:08:52 | INFO     | validation.policies | Validation started.
2026-08-11 18:08:52 | INFO     | rules.executor | Starting rule execution.
2026-08-11 18:08:52 | INFO     | rules.base | Running rule: date_validation (2.0.0)
2026-08-11 18:08:52 | INFO     | rules.base | Finished rule: date_validation (0.010 sec)
2026-08-11 18:08:52 | INFO     | rules.base | Running rule: duplicate_validation (2.0.0)
2026-08-11 18:08:52 | INFO     | rules.base | Finished rule: duplicate_validation (0.033 sec)
2026-08-11 18:08:52 | INFO     | rules.base | Running rule: email_validation (2.0.0)
2026-08-11 18:08:52 | INFO     | rules.base | Finished rule: email_validation (0.000 sec)
2026-08-11 18:08:52 | INFO     | rules.base | Running rule: invariant_validation (2.0.0)
2026-08-11 18:08:52 | INFO     | rules.base | Finished rule: invariant_validation (0.000 sec)
2026-08-11 18:08:52 | INFO     | rules.base | Running rule: name_validation (2.0.0)
2026-08-11 18:08:52 | INFO     | rules.base | Finished rule: name_validation (0.071 sec)
2026-08-11 18:08:52 | INFO     | rules.base | Running rule: phone_validation (2.0.0)
2026-08-11 18:08:52 | INFO     | rules.base | Finished rule: phone_validation (0.000 sec)
2026-08-11 18:08:52 | INFO     | rules.base | Running rule: pii_validation (2.0.0)
2026-08-11 18:08:52 | INFO     | rules.base | Finished rule: pii_validation (0.072 sec)
2026-08-11 18:08:52 | INFO     | rules.base | Running rule: schema_validation (2.0.0)
2026-08-11 18:08:52 | INFO     | rules.base | Finished rule: schema_validation (0.000 sec)
2026-08-11 18:08:52 | INFO     | rules.base | Running rule: website_validation (2.0.0)
2026-08-11 18:08:52 | INFO     | rules.base | Finished rule: website_validation (0.000 sec)
2026-08-11 18:08:52 | INFO     | rules.base | Running rule: zip_validation (2.0.0)
2026-08-11 18:08:52 | INFO     | rules.base | Finished rule: zip_validation (0.010 sec)
2026-08-11 18:08:52 | INFO     | rules.executor | Finished executing 10 rules.
2026-08-11 18:08:52 | INFO     | validation.policies | Validation finished.
2026-08-11 18:08:52 | INFO     | validation.engine | Validation finished.
2026-08-11 18:09:09 | INFO     | rules.loader | Loading validation rules...
2026-08-11 18:09:09 | INFO     | rules.loader | Loaded rule: EmailValidationRule
2026-08-11 18:09:09 | INFO     | rules.loader | Loaded rule: PhoneValidationRule
2026-08-11 18:09:09 | INFO     | rules.loader | Loaded rule: WebsiteValidationRule
2026-08-11 18:09:09 | INFO     | rules.loader | Loaded rule: ZipValidationRule
2026-08-11 18:09:09 | INFO     | rules.loader | Loaded rule: NameValidationRule
2026-08-11 18:09:09 | INFO     | rules.loader | Loaded rule: DateValidationRule
2026-08-11 18:09:09 | INFO     | rules.loader | Loaded rule: DuplicateValidationRule
2026-08-11 18:09:09 | INFO     | rules.loader | Loaded rule: SchemaValidationRule
2026-08-11 18:09:09 | INFO     | rules.loader | Loaded rule: InvariantValidationRule
2026-08-11 18:09:09 | INFO     | rules.loader | Loaded rule: PIIValidationRule
2026-08-11 18:09:09 | INFO     | rules.loader | Successfully loaded 10 rule(s).
2026-08-11 18:09:09 | INFO     | validation.engine | Validation started.
2026-08-11 18:09:09 | INFO     | validation.policies | Validation started.
2026-08-11 18:09:09 | INFO     | rules.executor | Starting rule execution.
2026-08-11 18:09:09 | INFO     | rules.base | Running rule: date_validation (2.0.0)
2026-08-11 18:09:09 | INFO     | rules.base | Finished rule: date_validation (0.009 sec)
2026-08-11 18:09:09 | INFO     | rules.base | Running rule: duplicate_validation (2.0.0)
2026-08-11 18:09:09 | INFO     | rules.base | Finished rule: duplicate_validation (0.033 sec)
2026-08-11 18:09:09 | INFO     | rules.base | Running rule: email_validation (2.0.0)
2026-08-11 18:09:09 | INFO     | rules.base | Finished rule: email_validation (0.000 sec)
2026-08-11 18:09:09 | INFO     | rules.base | Running rule: invariant_validation (2.0.0)
2026-08-11 18:09:09 | INFO     | rules.base | Finished rule: invariant_validation (0.000 sec)
2026-08-11 18:09:09 | INFO     | rules.base | Running rule: name_validation (2.0.0)
2026-08-11 18:09:09 | INFO     | rules.base | Finished rule: name_validation (0.064 sec)
2026-08-11 18:09:09 | INFO     | rules.base | Running rule: phone_validation (2.0.0)
2026-08-11 18:09:09 | INFO     | rules.base | Finished rule: phone_validation (0.000 sec)
2026-08-11 18:09:09 | INFO     | rules.base | Running rule: pii_validation (2.0.0)
2026-08-11 18:09:09 | INFO     | rules.base | Finished rule: pii_validation (0.066 sec)
2026-08-11 18:09:09 | INFO     | rules.base | Running rule: schema_validation (2.0.0)
2026-08-11 18:09:09 | INFO     | rules.base | Finished rule: schema_validation (0.000 sec)
2026-08-11 18:09:09 | INFO     | rules.base | Running rule: website_validation (2.0.0)
2026-08-11 18:09:09 | INFO     | rules.base | Finished rule: website_validation (0.000 sec)
2026-08-11 18:09:09 | INFO     | rules.base | Running rule: zip_validation (2.0.0)
2026-08-11 18:09:09 | INFO     | rules.base | Finished rule: zip_validation (0.008 sec)
2026-08-11 18:09:09 | INFO     | rules.executor | Finished executing 10 rules.
2026-08-11 18:09:09 | INFO     | validation.policies | Validation finished.
2026-08-11 18:09:09 | INFO     | validation.engine | Validation finished.
2026-08-11 18:10:06 | INFO     | rules.loader | Loading validation rules...
2026-08-11 18:10:06 | INFO     | rules.loader | Loaded rule: EmailValidationRule
2026-08-11 18:10:06 | INFO     | rules.loader | Loaded rule: PhoneValidationRule
2026-08-11 18:10:06 | INFO     | rules.loader | Loaded rule: WebsiteValidationRule
2026-08-11 18:10:06 | INFO     | rules.loader | Loaded rule: ZipValidationRule
2026-08-11 18:10:06 | INFO     | rules.loader | Loaded rule: NameValidationRule
2026-08-11 18:10:06 | INFO     | rules.loader | Loaded rule: DateValidationRule
2026-08-11 18:10:06 | INFO     | rules.loader | Loaded rule: DuplicateValidationRule
2026-08-11 18:10:06 | INFO     | rules.loader | Loaded rule: SchemaValidationRule
2026-08-11 18:10:06 | INFO     | rules.loader | Loaded rule: InvariantValidationRule
2026-08-11 18:10:06 | INFO     | rules.loader | Loaded rule: PIIValidationRule
2026-08-11 18:10:06 | INFO     | rules.loader | Successfully loaded 10 rule(s).
2026-08-11 18:10:07 | INFO     | validation.engine | Validation started.
2026-08-11 18:10:07 | INFO     | validation.policies | Validation started.
2026-08-11 18:10:07 | INFO     | rules.executor | Starting rule execution.
2026-08-11 18:10:07 | INFO     | rules.base | Running rule: date_validation (2.0.0)
2026-08-11 18:10:07 | INFO     | rules.base | Finished rule: date_validation (0.009 sec)
2026-08-11 18:10:07 | INFO     | rules.base | Running rule: duplicate_validation (2.0.0)
2026-08-11 18:10:07 | INFO     | rules.base | Finished rule: duplicate_validation (0.024 sec)
2026-08-11 18:10:07 | INFO     | rules.base | Running rule: email_validation (2.0.0)
2026-08-11 18:10:07 | INFO     | rules.base | Finished rule: email_validation (0.000 sec)
2026-08-11 18:10:07 | INFO     | rules.base | Running rule: invariant_validation (2.0.0)
2026-08-11 18:10:07 | INFO     | rules.base | Finished rule: invariant_validation (0.000 sec)
2026-08-11 18:10:07 | INFO     | rules.base | Running rule: name_validation (2.0.0)
2026-08-11 18:10:07 | INFO     | rules.base | Finished rule: name_validation (0.052 sec)
2026-08-11 18:10:07 | INFO     | rules.base | Running rule: phone_validation (2.0.0)
2026-08-11 18:10:07 | INFO     | rules.base | Finished rule: phone_validation (0.000 sec)
2026-08-11 18:10:07 | INFO     | rules.base | Running rule: pii_validation (2.0.0)
2026-08-11 18:10:07 | INFO     | rules.base | Finished rule: pii_validation (0.060 sec)
2026-08-11 18:10:07 | INFO     | rules.base | Running rule: schema_validation (2.0.0)
2026-08-11 18:10:07 | INFO     | rules.base | Finished rule: schema_validation (0.000 sec)
2026-08-11 18:10:07 | INFO     | rules.base | Running rule: website_validation (2.0.0)
2026-08-11 18:10:07 | INFO     | rules.base | Finished rule: website_validation (0.000 sec)
2026-08-11 18:10:07 | INFO     | rules.base | Running rule: zip_validation (2.0.0)
2026-08-11 18:10:07 | INFO     | rules.base | Finished rule: zip_validation (0.009 sec)
2026-08-11 18:10:07 | INFO     | rules.executor | Finished executing 10 rules.
2026-08-11 18:10:07 | INFO     | validation.policies | Validation finished.
2026-08-11 18:10:07 | INFO     | validation.engine | Validation finished.
2026-08-11 18:10:07 | INFO     | rules.loader | Loading validation rules...
2026-08-11 18:10:07 | INFO     | rules.loader | Loaded rule: EmailValidationRule
2026-08-11 18:10:07 | INFO     | rules.loader | Loaded rule: PhoneValidationRule
2026-08-11 18:10:07 | INFO     | rules.loader | Loaded rule: WebsiteValidationRule
2026-08-11 18:10:07 | INFO     | rules.loader | Loaded rule: ZipValidationRule
2026-08-11 18:10:07 | INFO     | rules.loader | Loaded rule: NameValidationRule
2026-08-11 18:10:07 | INFO     | rules.loader | Loaded rule: DateValidationRule
2026-08-11 18:10:07 | INFO     | rules.loader | Loaded rule: DuplicateValidationRule
2026-08-11 18:10:07 | INFO     | rules.loader | Loaded rule: SchemaValidationRule
2026-08-11 18:10:07 | INFO     | rules.loader | Loaded rule: InvariantValidationRule
2026-08-11 18:10:07 | INFO     | rules.loader | Loaded rule: PIIValidationRule
2026-08-11 18:10:07 | INFO     | rules.loader | Successfully loaded 10 rule(s).
2026-08-11 18:10:07 | INFO     | validation.engine | Validation started.
2026-08-11 18:10:07 | INFO     | validation.policies | Validation started.
2026-08-11 18:10:07 | INFO     | rules.executor | Starting rule execution.
2026-08-11 18:10:07 | INFO     | rules.base | Running rule: date_validation (2.0.0)
2026-08-11 18:10:07 | INFO     | rules.base | Finished rule: date_validation (0.008 sec)
2026-08-11 18:10:07 | INFO     | rules.base | Running rule: duplicate_validation (2.0.0)
2026-08-11 18:10:07 | INFO     | rules.base | Finished rule: duplicate_validation (0.024 sec)
2026-08-11 18:10:07 | INFO     | rules.base | Running rule: email_validation (2.0.0)
2026-08-11 18:10:07 | INFO     | rules.base | Finished rule: email_validation (0.000 sec)
2026-08-11 18:10:07 | INFO     | rules.base | Running rule: invariant_validation (2.0.0)
2026-08-11 18:10:07 | INFO     | rules.base | Finished rule: invariant_validation (0.000 sec)
2026-08-11 18:10:07 | INFO     | rules.base | Running rule: name_validation (2.0.0)
2026-08-11 18:10:07 | INFO     | rules.base | Finished rule: name_validation (0.055 sec)
2026-08-11 18:10:07 | INFO     | rules.base | Running rule: phone_validation (2.0.0)
2026-08-11 18:10:07 | INFO     | rules.base | Finished rule: phone_validation (0.000 sec)
2026-08-11 18:10:07 | INFO     | rules.base | Running rule: pii_validation (2.0.0)
2026-08-11 18:10:07 | INFO     | rules.base | Finished rule: pii_validation (0.059 sec)
2026-08-11 18:10:07 | INFO     | rules.base | Running rule: schema_validation (2.0.0)
2026-08-11 18:10:07 | INFO     | rules.base | Finished rule: schema_validation (0.000 sec)
2026-08-11 18:10:07 | INFO     | rules.base | Running rule: website_validation (2.0.0)
2026-08-11 18:10:07 | INFO     | rules.base | Finished rule: website_validation (0.000 sec)
2026-08-11 18:10:07 | INFO     | rules.base | Running rule: zip_validation (2.0.0)
2026-08-11 18:10:07 | INFO     | rules.base | Finished rule: zip_validation (0.013 sec)
2026-08-11 18:10:07 | INFO     | rules.executor | Finished executing 10 rules.
2026-08-11 18:10:07 | INFO     | validation.policies | Validation finished.
2026-08-11 18:10:07 | INFO     | validation.engine | Validation finished.
2026-08-11 18:10:09 | INFO     | rules.loader | Loading validation rules...
2026-08-11 18:10:09 | INFO     | rules.loader | Loaded rule: EmailValidationRule
2026-08-11 18:10:09 | INFO     | rules.loader | Loaded rule: PhoneValidationRule
2026-08-11 18:10:09 | INFO     | rules.loader | Loaded rule: WebsiteValidationRule
2026-08-11 18:10:09 | INFO     | rules.loader | Loaded rule: ZipValidationRule
2026-08-11 18:10:09 | INFO     | rules.loader | Loaded rule: NameValidationRule
2026-08-11 18:10:09 | INFO     | rules.loader | Loaded rule: DateValidationRule
2026-08-11 18:10:09 | INFO     | rules.loader | Loaded rule: DuplicateValidationRule
2026-08-11 18:10:09 | INFO     | rules.loader | Loaded rule: SchemaValidationRule
2026-08-11 18:10:09 | INFO     | rules.loader | Loaded rule: InvariantValidationRule
2026-08-11 18:10:09 | INFO     | rules.loader | Loaded rule: PIIValidationRule
2026-08-11 18:10:09 | INFO     | rules.loader | Successfully loaded 10 rule(s).
2026-08-11 18:10:09 | INFO     | rules.loader | Loading validation rules...
2026-08-11 18:10:09 | INFO     | rules.loader | Loaded rule: EmailValidationRule
2026-08-11 18:10:09 | INFO     | rules.loader | Loaded rule: PhoneValidationRule
2026-08-11 18:10:09 | INFO     | rules.loader | Loaded rule: WebsiteValidationRule
2026-08-11 18:10:09 | INFO     | rules.loader | Loaded rule: ZipValidationRule
2026-08-11 18:10:09 | INFO     | rules.loader | Loaded rule: NameValidationRule
2026-08-11 18:10:09 | INFO     | rules.loader | Loaded rule: DateValidationRule
2026-08-11 18:10:09 | INFO     | rules.loader | Loaded rule: DuplicateValidationRule
2026-08-11 18:10:09 | INFO     | rules.loader | Loaded rule: SchemaValidationRule
2026-08-11 18:10:09 | INFO     | rules.loader | Loaded rule: InvariantValidationRule
2026-08-11 18:10:09 | INFO     | rules.loader | Loaded rule: PIIValidationRule
2026-08-11 18:10:09 | INFO     | rules.loader | Successfully loaded 10 rule(s).
2026-08-11 18:10:09 | INFO     | rules.loader | Loading validation rules...
2026-08-11 18:10:09 | INFO     | rules.loader | Loaded rule: EmailValidationRule
2026-08-11 18:10:09 | INFO     | rules.loader | Loaded rule: PhoneValidationRule
2026-08-11 18:10:09 | INFO     | rules.loader | Loaded rule: WebsiteValidationRule
2026-08-11 18:10:09 | INFO     | rules.loader | Loaded rule: ZipValidationRule
2026-08-11 18:10:09 | INFO     | rules.loader | Loaded rule: NameValidationRule
2026-08-11 18:10:09 | INFO     | rules.loader | Loaded rule: DateValidationRule
2026-08-11 18:10:09 | INFO     | rules.loader | Loaded rule: DuplicateValidationRule
2026-08-11 18:10:09 | INFO     | rules.loader | Loaded rule: SchemaValidationRule
2026-08-11 18:10:09 | INFO     | rules.loader | Loaded rule: InvariantValidationRule
2026-08-11 18:10:09 | INFO     | rules.loader | Loaded rule: PIIValidationRule
2026-08-11 18:10:09 | INFO     | rules.loader | Successfully loaded 10 rule(s).
2026-08-11 18:10:09 | INFO     | rules.loader | Loading validation rules...
2026-08-11 18:10:09 | INFO     | rules.loader | Loaded rule: EmailValidationRule
2026-08-11 18:10:09 | INFO     | rules.loader | Loaded rule: PhoneValidationRule
2026-08-11 18:10:09 | INFO     | rules.loader | Loaded rule: WebsiteValidationRule
2026-08-11 18:10:09 | INFO     | rules.loader | Loaded rule: ZipValidationRule
2026-08-11 18:10:09 | INFO     | rules.loader | Loaded rule: NameValidationRule
2026-08-11 18:10:09 | INFO     | rules.loader | Loaded rule: DateValidationRule
2026-08-11 18:10:09 | INFO     | rules.loader | Loaded rule: DuplicateValidationRule
2026-08-11 18:10:09 | INFO     | rules.loader | Loaded rule: SchemaValidationRule
2026-08-11 18:10:09 | INFO     | rules.loader | Loaded rule: InvariantValidationRule
2026-08-11 18:10:09 | INFO     | rules.loader | Loaded rule: PIIValidationRule
2026-08-11 18:10:09 | INFO     | rules.loader | Successfully loaded 10 rule(s).
2026-08-11 18:10:09 | INFO     | rules.loader | Loading validation rules...
2026-08-11 18:10:09 | INFO     | rules.loader | Loaded rule: EmailValidationRule
2026-08-11 18:10:09 | INFO     | rules.loader | Loaded rule: PhoneValidationRule
2026-08-11 18:10:09 | INFO     | rules.loader | Loaded rule: WebsiteValidationRule
2026-08-11 18:10:09 | INFO     | rules.loader | Loaded rule: ZipValidationRule
2026-08-11 18:10:09 | INFO     | rules.loader | Loaded rule: NameValidationRule
2026-08-11 18:10:09 | INFO     | rules.loader | Loaded rule: DateValidationRule
2026-08-11 18:10:09 | INFO     | rules.loader | Loaded rule: DuplicateValidationRule
2026-08-11 18:10:09 | INFO     | rules.loader | Loaded rule: SchemaValidationRule
2026-08-11 18:10:09 | INFO     | rules.loader | Loaded rule: InvariantValidationRule
2026-08-11 18:10:09 | INFO     | rules.loader | Loaded rule: PIIValidationRule
2026-08-11 18:10:09 | INFO     | rules.loader | Successfully loaded 10 rule(s).
2026-08-11 18:17:36 | INFO     | rules.loader | Loading validation rules...
2026-08-11 18:17:36 | INFO     | rules.loader | Loaded rule: EmailValidationRule
2026-08-11 18:17:36 | INFO     | rules.loader | Loaded rule: PhoneValidationRule
2026-08-11 18:17:36 | INFO     | rules.loader | Loaded rule: WebsiteValidationRule
2026-08-11 18:17:36 | INFO     | rules.loader | Loaded rule: ZipValidationRule
2026-08-11 18:17:36 | INFO     | rules.loader | Loaded rule: NameValidationRule
2026-08-11 18:17:36 | INFO     | rules.loader | Loaded rule: DateValidationRule
2026-08-11 18:17:36 | INFO     | rules.loader | Loaded rule: DuplicateValidationRule
2026-08-11 18:17:36 | INFO     | rules.loader | Loaded rule: SchemaValidationRule
2026-08-11 18:17:36 | INFO     | rules.loader | Loaded rule: InvariantValidationRule
2026-08-11 18:17:36 | INFO     | rules.loader | Loaded rule: PIIValidationRule
2026-08-11 18:17:36 | INFO     | rules.loader | Successfully loaded 10 rule(s).
2026-08-11 18:17:37 | INFO     | validation.engine | Validation started.
2026-08-11 18:17:37 | INFO     | validation.policies | Validation started.
2026-08-11 18:17:37 | INFO     | rules.executor | Starting rule execution.
2026-08-11 18:17:37 | INFO     | rules.base | Running rule: date_validation (2.0.0)
2026-08-11 18:17:37 | INFO     | rules.base | Finished rule: date_validation (0.059 sec)
2026-08-11 18:17:37 | INFO     | rules.base | Running rule: duplicate_validation (2.0.0)
2026-08-11 18:17:37 | INFO     | rules.base | Finished rule: duplicate_validation (0.144 sec)
2026-08-11 18:17:37 | INFO     | rules.base | Running rule: email_validation (2.0.0)
2026-08-11 18:17:37 | INFO     | rules.base | Finished rule: email_validation (0.000 sec)
2026-08-11 18:17:37 | INFO     | rules.base | Running rule: invariant_validation (2.0.0)
2026-08-11 18:17:37 | INFO     | rules.base | Finished rule: invariant_validation (0.000 sec)
2026-08-11 18:17:37 | INFO     | rules.base | Running rule: name_validation (2.0.0)
2026-08-11 18:17:38 | INFO     | rules.base | Finished rule: name_validation (0.447 sec)
2026-08-11 18:17:38 | INFO     | rules.base | Running rule: phone_validation (2.0.0)
2026-08-11 18:17:38 | INFO     | rules.base | Finished rule: phone_validation (0.000 sec)
2026-08-11 18:17:38 | INFO     | rules.base | Running rule: pii_validation (2.0.0)
2026-08-11 18:17:38 | INFO     | rules.base | Finished rule: pii_validation (0.609 sec)
2026-08-11 18:17:38 | INFO     | rules.base | Running rule: schema_validation (2.0.0)
2026-08-11 18:17:38 | INFO     | rules.base | Finished rule: schema_validation (0.000 sec)
2026-08-11 18:17:38 | INFO     | rules.base | Running rule: website_validation (2.0.0)
2026-08-11 18:17:38 | INFO     | rules.base | Finished rule: website_validation (0.000 sec)
2026-08-11 18:17:38 | INFO     | rules.base | Running rule: zip_validation (2.0.0)
2026-08-11 18:17:39 | INFO     | rules.base | Finished rule: zip_validation (0.052 sec)
2026-08-11 18:17:39 | INFO     | rules.executor | Finished executing 10 rules.
2026-08-11 18:17:39 | INFO     | validation.policies | Validation finished.
2026-08-11 18:17:39 | INFO     | validation.engine | Validation finished.
2026-08-11 18:17:41 | INFO     | rules.loader | Loading validation rules...
2026-08-11 18:17:41 | INFO     | rules.loader | Loaded rule: EmailValidationRule
2026-08-11 18:17:41 | INFO     | rules.loader | Loaded rule: PhoneValidationRule
2026-08-11 18:17:41 | INFO     | rules.loader | Loaded rule: WebsiteValidationRule
2026-08-11 18:17:41 | INFO     | rules.loader | Loaded rule: ZipValidationRule
2026-08-11 18:17:41 | INFO     | rules.loader | Loaded rule: NameValidationRule
2026-08-11 18:17:41 | INFO     | rules.loader | Loaded rule: DateValidationRule
2026-08-11 18:17:41 | INFO     | rules.loader | Loaded rule: DuplicateValidationRule
2026-08-11 18:17:41 | INFO     | rules.loader | Loaded rule: SchemaValidationRule
2026-08-11 18:17:41 | INFO     | rules.loader | Loaded rule: InvariantValidationRule
2026-08-11 18:17:41 | INFO     | rules.loader | Loaded rule: PIIValidationRule
2026-08-11 18:17:41 | INFO     | rules.loader | Successfully loaded 10 rule(s).
2026-08-11 18:17:43 | INFO     | validation.engine | Validation started.
2026-08-11 18:17:43 | INFO     | validation.policies | Validation started.
2026-08-11 18:17:43 | INFO     | rules.executor | Starting rule execution.
2026-08-11 18:17:43 | INFO     | rules.base | Running rule: date_validation (2.0.0)
2026-08-11 18:17:43 | INFO     | rules.base | Finished rule: date_validation (0.067 sec)
2026-08-11 18:17:43 | INFO     | rules.base | Running rule: duplicate_validation (2.0.0)
2026-08-11 18:17:43 | INFO     | rules.base | Finished rule: duplicate_validation (0.168 sec)
2026-08-11 18:17:43 | INFO     | rules.base | Running rule: email_validation (2.0.0)
2026-08-11 18:17:43 | INFO     | rules.base | Finished rule: email_validation (0.000 sec)
2026-08-11 18:17:43 | INFO     | rules.base | Running rule: invariant_validation (2.0.0)
2026-08-11 18:17:43 | INFO     | rules.base | Finished rule: invariant_validation (0.000 sec)
2026-08-11 18:17:43 | INFO     | rules.base | Running rule: name_validation (2.0.0)
2026-08-11 18:17:44 | INFO     | rules.base | Finished rule: name_validation (1.163 sec)
2026-08-11 18:17:44 | INFO     | rules.base | Running rule: phone_validation (2.0.0)
2026-08-11 18:17:44 | INFO     | rules.base | Finished rule: phone_validation (0.000 sec)
2026-08-11 18:17:44 | INFO     | rules.base | Running rule: pii_validation (2.0.0)
2026-08-11 18:17:45 | INFO     | rules.base | Finished rule: pii_validation (0.798 sec)
2026-08-11 18:17:45 | INFO     | rules.base | Running rule: schema_validation (2.0.0)
2026-08-11 18:17:45 | INFO     | rules.base | Finished rule: schema_validation (0.000 sec)
2026-08-11 18:17:45 | INFO     | rules.base | Running rule: website_validation (2.0.0)
2026-08-11 18:17:45 | INFO     | rules.base | Finished rule: website_validation (0.000 sec)
2026-08-11 18:17:45 | INFO     | rules.base | Running rule: zip_validation (2.0.0)
2026-08-11 18:17:45 | INFO     | rules.base | Finished rule: zip_validation (0.115 sec)
2026-08-11 18:17:45 | INFO     | rules.executor | Finished executing 10 rules.
2026-08-11 18:17:45 | INFO     | validation.policies | Validation finished.
2026-08-11 18:17:45 | INFO     | validation.engine | Validation finished.
2026-08-11 18:17:57 | INFO     | rules.loader | Loading validation rules...
2026-08-11 18:17:57 | INFO     | rules.loader | Loaded rule: EmailValidationRule
2026-08-11 18:17:57 | INFO     | rules.loader | Loaded rule: PhoneValidationRule
2026-08-11 18:17:57 | INFO     | rules.loader | Loaded rule: WebsiteValidationRule
2026-08-11 18:17:57 | INFO     | rules.loader | Loaded rule: ZipValidationRule
2026-08-11 18:17:57 | INFO     | rules.loader | Loaded rule: NameValidationRule
2026-08-11 18:17:57 | INFO     | rules.loader | Loaded rule: DateValidationRule
2026-08-11 18:17:57 | INFO     | rules.loader | Loaded rule: DuplicateValidationRule
2026-08-11 18:17:57 | INFO     | rules.loader | Loaded rule: SchemaValidationRule
2026-08-11 18:17:57 | INFO     | rules.loader | Loaded rule: InvariantValidationRule
2026-08-11 18:17:57 | INFO     | rules.loader | Loaded rule: PIIValidationRule
2026-08-11 18:17:57 | INFO     | rules.loader | Successfully loaded 10 rule(s).
2026-08-11 18:17:57 | INFO     | rules.loader | Loading validation rules...
2026-08-11 18:17:57 | INFO     | rules.loader | Loaded rule: EmailValidationRule
2026-08-11 18:17:57 | INFO     | rules.loader | Loaded rule: PhoneValidationRule
2026-08-11 18:17:57 | INFO     | rules.loader | Loaded rule: WebsiteValidationRule
2026-08-11 18:17:57 | INFO     | rules.loader | Loaded rule: ZipValidationRule
2026-08-11 18:17:57 | INFO     | rules.loader | Loaded rule: NameValidationRule
2026-08-11 18:17:57 | INFO     | rules.loader | Loaded rule: DateValidationRule
2026-08-11 18:17:57 | INFO     | rules.loader | Loaded rule: DuplicateValidationRule
2026-08-11 18:17:57 | INFO     | rules.loader | Loaded rule: SchemaValidationRule
2026-08-11 18:17:57 | INFO     | rules.loader | Loaded rule: InvariantValidationRule
2026-08-11 18:17:57 | INFO     | rules.loader | Loaded rule: PIIValidationRule
2026-08-11 18:17:57 | INFO     | rules.loader | Successfully loaded 10 rule(s).
2026-08-11 18:17:57 | INFO     | rules.loader | Loading validation rules...
2026-08-11 18:17:57 | INFO     | rules.loader | Loaded rule: EmailValidationRule
2026-08-11 18:17:57 | INFO     | rules.loader | Loaded rule: PhoneValidationRule
2026-08-11 18:17:57 | INFO     | rules.loader | Loaded rule: WebsiteValidationRule
2026-08-11 18:17:57 | INFO     | rules.loader | Loaded rule: ZipValidationRule
2026-08-11 18:17:57 | INFO     | rules.loader | Loaded rule: NameValidationRule
2026-08-11 18:17:57 | INFO     | rules.loader | Loaded rule: DateValidationRule
2026-08-11 18:17:57 | INFO     | rules.loader | Loaded rule: DuplicateValidationRule
2026-08-11 18:17:57 | INFO     | rules.loader | Loaded rule: SchemaValidationRule
2026-08-11 18:17:57 | INFO     | rules.loader | Loaded rule: InvariantValidationRule
2026-08-11 18:17:57 | INFO     | rules.loader | Loaded rule: PIIValidationRule
2026-08-11 18:17:57 | INFO     | rules.loader | Successfully loaded 10 rule(s).
2026-08-11 18:17:57 | INFO     | rules.loader | Loading validation rules...
2026-08-11 18:17:57 | INFO     | rules.loader | Loaded rule: EmailValidationRule
2026-08-11 18:17:57 | INFO     | rules.loader | Loaded rule: PhoneValidationRule
2026-08-11 18:17:57 | INFO     | rules.loader | Loaded rule: WebsiteValidationRule
2026-08-11 18:17:57 | INFO     | rules.loader | Loaded rule: ZipValidationRule
2026-08-11 18:17:57 | INFO     | rules.loader | Loaded rule: NameValidationRule
2026-08-11 18:17:57 | INFO     | rules.loader | Loaded rule: DateValidationRule
2026-08-11 18:17:57 | INFO     | rules.loader | Loaded rule: DuplicateValidationRule
2026-08-11 18:17:57 | INFO     | rules.loader | Loaded rule: SchemaValidationRule
2026-08-11 18:17:57 | INFO     | rules.loader | Loaded rule: InvariantValidationRule
2026-08-11 18:17:57 | INFO     | rules.loader | Loaded rule: PIIValidationRule
2026-08-11 18:17:57 | INFO     | rules.loader | Successfully loaded 10 rule(s).
2026-08-11 18:17:57 | INFO     | rules.loader | Loading validation rules...
2026-08-11 18:17:57 | INFO     | rules.loader | Loaded rule: EmailValidationRule
2026-08-11 18:17:57 | INFO     | rules.loader | Loaded rule: PhoneValidationRule
2026-08-11 18:17:57 | INFO     | rules.loader | Loaded rule: WebsiteValidationRule
2026-08-11 18:17:57 | INFO     | rules.loader | Loaded rule: ZipValidationRule
2026-08-11 18:17:57 | INFO     | rules.loader | Loaded rule: NameValidationRule
2026-08-11 18:17:57 | INFO     | rules.loader | Loaded rule: DateValidationRule
2026-08-11 18:17:57 | INFO     | rules.loader | Loaded rule: DuplicateValidationRule
2026-08-11 18:17:57 | INFO     | rules.loader | Loaded rule: SchemaValidationRule
2026-08-11 18:17:57 | INFO     | rules.loader | Loaded rule: InvariantValidationRule
2026-08-11 18:17:57 | INFO     | rules.loader | Loaded rule: PIIValidationRule
2026-08-11 18:17:57 | INFO     | rules.loader | Successfully loaded 10 rule(s).
